ASS,Distretto,Denominazione struttura,Natura giuridica,Indirizzo,N° civ.,CAP,Città,Prov.,Telefono,Fax,E-mail,Convenzione con SSR,Tipologia residenza,Posti letto totali,Posti letto per autosufficienti,Posti lettp per non autosuffcienti,Posti letto in polifunzionale
ASS1 - Triestina,1.2 Sud,"""Casa Anna 1""",Privata di mercato,Via San Lazzaro,17,34122,Trieste,TS,040/631020,040/631020,info@casarosannats.it,no,Residenza polifunzionale,18,,,18
ASS4 - Medio Friuli,4.1 S.Daniele,Centro anziani Buja,Pubblica comunale,Via Ursinis Piccolo,2/27,33030,Buja (UD),UD,0432/964421,0432/964422,,no,Casa albergo,64,64,,
ASS1 - Triestina,1.2 Sud,"""Ad Maiores""",Privata di mercato,Corso Italia,27,34122,Trieste,TS,040/638200,040/3474091,tizianakert@gmail.com,si,Residenza polifunzionale con Mod.A,48,,,48
ASS1 - Triestina,1.4 Nord,"""Anni d'argento""",Privata di mercato,Largo Barriera,11,34129,Trieste ,TS,040/636258,040/636258,annidiargento@libero.it,no,Residenza polifunzionale,15,,,15
ASS2 - Isontina,2.2 Basso Isontino,"""Casa alloggio 2000""",Privata sociale,Via Blaserna,12,34074,Monfalcone (GO),GO,0481/40005,,,no,Residenza polifunzionale,10,,,10
ASS1 - Triestina,1.2 Sud,"ASP ""ITIS""",Pubblica ASP, Via Pascoli,31,34129,Trieste,TS,040/3736210,040/3736220,segreteria@itis.it,si,Residenza protetta,411,,411,
ASS4 - Medio Friuli,4.5 Udine,"""La Quiete""",Pubblica ASP,VIA S. AGOSTINO,7,33100,Udine,UD,0432/886211,0432/26460,segreteria@laquieteudine.it,si,Residenza ad Utenza Diversificata,445,14,431,
ASS1 - Triestina,1.2 Sud,"""Casa Anna 2""",Privata sociale,Via San Lazzaro,17,34122,Trieste,TS,040/631020,040/631020,triesteamministrazione@societadolce.it,no,Residenza polifunzionale,23,,,23
ASS1 - Triestina,1.4 Nord,"""Casa della famiglia della Giovane Mater Dei""",Privata sociale,VIALE RAFFAELLO SANZIO ,3,34128,Trieste,TS,040/53580,040/350441,mater.dei@tiscali.it,no,Casa albergo,88,88,,
ASS1 - Triestina,1.3 Est,"""Casa Emmaus""",Privata sociale,Via Italo Svevo,34,34145,Trieste,TS,040/3882111,040/3882600,casa.emmaus@libero.it,si,Residenza protetta,122,,122,
ASS1 - Triestina,1.4 Nord,"""Casa Fiorita""",Privata di mercato,Strada Nuova per Opicina ,7,34151,Trieste,TS,040/55193,040/55193,pbonazza@hotmail.it,no,Residenza polifunzionale,20,,,20
ASS1 - Triestina,1.1 Ovest,"""Casa Mario Capon""",Pubblica comunale,Via Sant'Isidoro  - OPICINA,13,34016,Trieste,TS,040/211484,040/214186,casa_riposo_capon@comune.trieste.it,no,Casa albergo,25,25,,
ASS1 - Triestina,1.2 Sud,"""Casa Rusconi"" ASP",Pubblica ASP,Via Giovanni Pascoli,31,34129,Trieste,TS,040/3736303,,segreteria@itis.it,no,Comunità alloggio,30,30,,
ASS1 - Triestina,1.4 Nord,"""Centro per l'anziano""",Pubblica comunale,Via Carlo de Marchesetti,8/3,34142,Trieste,TS,040/910252,040/9149252,Amministrazione_CPA@comune.trieste.it,si,Residenza ad utenza diversificata,206,86,120,
ASS1 - Triestina,1.1 Ovest,"""Fiori del Carso""",Privata di mercato,Viale Stazione,26/a,34011,Duino Aurisina (TS),TS,040/3784300,040/3784313,fiori@pinetadelcarso.it,si,Residenza polifunzionale con Mod.A,57,,,57
ASS2 - Isontina,2.2 Basso Isontino,"""I.S.A.""",Privata di mercato,VIA BLASERNA,12,34074,Monfalcone (GO),GO,0481/412983,0481/412983,info@casapensioneisa.it,no,Residenza polifunzionale,23,,,23
ASS5 - Bassa Friulana,5.1 Est,"""Ianus""",Privata sociale,Viale San Marco,4,33057,Palmanova (UD),UD,0432/924132,0432/933001,ianus.segreteria@societadolce.it,si,Residenza polifunzionale con Mod.A,60,,,60
ASS1 - Triestina,1.2 Sud,"""La  Primula""",Privata di mercato,Via Molino a Vento,72,34137,Trieste ,TS,040/369575,040/369575,laprimulatrieste@libero.it,no,Residenza polifunzionale,16,,,16
ASS1 - Triestina,1.2 Sud,"""La Fenice""",Privata di mercato,Via Imbriani,2,34122,Trieste,TS,040/636666,040/3723360,rottacorporation@gmail.com,si,Residenza polifunzionale con Mod.A,38,,,38
ASS1 - Triestina,1.1 Ovest,"""La Meridiana""",Privata di mercato,Via di Conconello,29,34151,Trieste,TS,040/211511,040/211511,cdrlameridiana@alice.it,no,Residenza polifunzionale,25,,,25
ASS1 - Triestina,1.2 Sud,"""La Perla""",Privata di mercato,Via Imbriani,2,34122,Trieste,TS,040/636666,040/3723360,rottacorporation@gmail.com,si,Residenza polifunzionale con Mod.A,34,,,34
ASS1 - Triestina,1.2 Sud,"""La Primula 2""",Privata di mercato,Via Cellini,2,34132,Trieste ,TS,040/661764,040/661764,laprimulatrieste@libero.it,no,Residenza polifunzionale,14,,,14
ASS1 - Triestina,1.2 Sud,"""La Roccia"" di Milana Mitic & C.",Privata di mercato,Via Cesare Battisti,25,34137,Trieste,TS,040/370774,040/370774,larocciasas@pec.cgn.it,no,Residenza polifunzionale,10,,,10
ASS1 - Triestina,1.2 Sud,"""La tua casa""",Privata di mercato,Via Giulia,1,34126,Trieste,TS,040/370223,040/635744,latuacasa_srl@libero.it,no,Residenza polifunzionale,24,,,24
ASS1 - Triestina,1.2 Sud,"""La tua casa""",Privata di mercato,Via Genova,23,34100,Trieste,TS,040/636239,040/635744,latuacasa_srl@libero.it,no,Residenza polifunzionale,40,,,40
ASS1 - Triestina,1.2 Sud,"""La tua casa""",Privata di mercato,Via Giulia,5,34126,Trieste,TS,040/635744,040/635744,latuacasa_srl@libero.it,no,Residenza polifunzionale,25,,,25
ASS5 - Bassa Friulana,5.1 Est,"""La Villa Rosa""",Privata di mercato,Via San Zenone - Fraz. Muscoli,,33052,Cervignano del Friuli (UD),UD,0431/34744,040/635744,latuacasa_srl@libero.it,no,Residenza polifunzionale,42,,,42
ASS1 - Triestina,1.2 Sud,"""Le Mimose"" di Adriano Cornachin",Privata di mercato,Via San Francesco,15,34133,Trieste ,TS,040/0640340,,lemimose.ts@gmail.com,no,Residenza polifunzionale,10,,,10
ASS1 - Triestina,1.2 Sud,"""Le Mimose"" di Adriano Cornachin",Privata di mercato,Via Torrebianca,25,34132,Trieste ,TS,040/2454796,040/0646407,lemimose.ts@gmail.com,no,Residenza polifunzionale,14,,,14
ASS1 - Triestina,1.1 Ovest,"Pia Casa Gentilomo ""Abramo Stock""",Ente religioso,Via di Cologna,29,34127,Trieste ,TS,040/568578,040/5705590,piacasagentilomo@triestebraica.it,si,Residenza protetta,20,,20,
ASS1 - Triestina,1.2 Sud,"""Mademar""",Privata di mercato,Via Madonna del Mare,16,34124,Trieste,TS,040/3220215,040/3223268,,no,Residenza polifunzionale,11,,,11
ASS1 - Triestina,1.2 Sud,"""Nonno Felice 1""",Privata di mercato,Via Belpoggio,16,34100,Trieste,TS,040/311593,040/311593,nonnofelicedue@vodafone.it,no,Residenza polifunzionale,16,,,16
ASS1 - Triestina,1.2 Sud,"""Nonno Felice 2""",Privata di mercato,Via F. Venezian,4,34100,Trieste,TS,040/300870,040/300870,nonnofelicedue@vodafone.it,no,Residenza polifunzionale,19,,,19
ASS1 - Triestina,1.3 Est,"""Nuova Villa Iris""",Privata di mercato,Via Log,194,34018,S. Dorligo della Valle (TS),TS,040/8323666,040/8324728,info@nuovavillairis.com,no,Residenza polifunzionale,25,,,25
ASS4 - Medio Friuli,4.2 Tarcento,"""Opera Pia Coianiz"" ASP",Pubblica ASP,via P. Coianiz,8,33017,Tarcento (UD),UD,0432/780711,0432/780715,segreteria@operapiacoianiz.it,si,Residenza ad utenza diversificata,210,55,155,
ASS1 - Triestina,1.3 Est,"""Pensione Brioni""",Privata di mercato,Loc. Lazzaretto,4,34015,Muggia,TS,040/271730,040/271730,pensionebrioni@libero.it,no,Residenza polifunzionale,39,,,39
ASS1 - Triestina,1.4 Nord,"""Suore Scolastiche Francescane di Cristo Re""",Privata sociale,Via delle docce,34,34128,Trieste,TS,040/567851,040/567851,suore.scolastiche.ts@ssfcr.org,no,Casa albergo,18,18,,
ASS1 - Triestina,1.1 Ovest,"""Villa del Sole""",Privata di mercato,Via di Repen,151,34016,Monrupino (TS),TS,040/327349,040/327349,l.cicia@alice.it,no,Residenza polifunzionale,25,,,25
ASS1 - Triestina,1.1 Ovest,"""Villa Verde""",Privata di mercato,Loc. Santa Croce,12,34011,Duino Aurisina (TS),TS,040/220813,040/220608,villaverdetrieste@me.com,si,Residenza polifunzionale con Mod.A,44,,,44
ASS5 - Bassa Friulana,5.1 Est,"ASP ""Ardito Desio""",Pubblica ASP,Piazza Garibaldi,7,33057,Palmanova (UD),UD,0432/929372,0432/924690,cinzia@asparditodesio1.191.it,si,Residenza ad utenza diversificata,117,23,94,
ASS4 - Medio Friuli,4.3 Cividale,"ASP ""Casa di riposo Giuseppe Sirch""",Pubblica ASP,VIA DEL KLANCIC,2,33049,San Pietro al Natisone (UD),UD,0432/727013,0432/727013,aspsirch@legalmail.it,si,Residenza ad utenza diversificata,60,2,58,
ASS6 - Friuli occidentale,6.3 Sud,"ASP ""Casa Lucia""",Pubblica ASP,Via Roma ,54,33087,Pasiano di Pordenone (PN),PN,0434/614001,0434/614009,aspcasalucia@pec.it,si,Residenza protetta,60,,60,
ASS4 - Medio Friuli,4.3 Cividale,"ASP ""Casa per anziani"" Cividale",Pubblica ASP,Viale Trieste ,42,33043,Cividale del Friuli (UD),UD,0432/731048,0432/700863,protocollo@aspcividale.it,si,Residenza ad utenza diversificata,251,65,186,
ASS4 - Medio Friuli,4.4 Codroipo,"ASP ""Daniele Moro"" Codroipo",Pubblica ASP,Viale F. Duodo,80,33033,Codroipo (UD),UD,0432/909311,0432/909306,info@aspmoro.it,si,Residenza ad utenza diversificata,129,6,123,
ASS6 - Friuli occidentale,6.2 Est,"ASP ""Daniele Moro"" Morsano",Pubblica ASP,Via Roma ,27,33075,Morsano al Tagliamento (PN),PN,0434/697046,0434/696057,info@entemoro.it,si,Residenza protetta,113,,113,
ASS4 - Medio Friuli,4.5 Udine,"ASP ""Fondazione Emilia Muner De Giudici""",Pubblica ASP,Via della Libertà,19,33040,Pradamano (UD),UD,0432/409311,0432/670016,info@fondazionemuner.it,si,Residenza ad utenza diversificata,81,5,76,
ASS5 - Bassa Friulana,5.2 Ovest,"ASP ""Giovanni Chiabà""",Pubblica ASP,Via Cristofoli,18,33058,San Giorgio di Nogaro (UD),UD,0431/65032,0431/65085,ragioneria@gchiaba.191.it,si,Residenza ad utenza diversificata,152,13,139,
ASS6 - Friuli occidentale,6.3 Sud,"ASP ""Solidarietà"" Mons. D. Cadore",Pubblica ASP,Viale XXV Aprile,42,33082,Azzano Decimo (PN),PN,0434/640074,0434/640941,azzano@casaripososolidarieta.191.it,si,Residenza protetta,84,,84,
ASS5 - Bassa Friulana,5.2 Ovest,"ASP ""Umberto I"" Latisana",Pubblica ASP,Via Sabbionera,103,33053,Latisana (UD),UD,0431/50202,0431/512480,amministrazione@umberto-primo.it,si,Residenza ad utenza diversificata,56,6,50,
ASS3 - Alto Friuli,3.2 Carnia,"ASP Casa Degli Operai Vecchi Ed Inabili Al Lavoro ""Matteo Brunetti""",Pubblica ASP,VIA NAZIONALE,31,33026,Paluzza (UD),UD,0433/775121,0433/775012,info@covilpaluzza.it,si,Residenza ad utenza diversificata,130,33,97,
ASS6 - Friuli occidentale,6.5 Urbano,"ASP Casa per anziani ""Umberto I""",Pubblica ASP,PIAZZA DELLA MOTTA,12,33170,Pordenone,PN,0434/223811,0434/223822,direzione@asp-umbertoprimo.regione.fvg.it,si,Residenza protetta,106,,106,
ASS6 - Friuli occidentale,6.4 Nord,ASP Cavasso,Pubblica ASP,Via Vittorio Veneto ,91,33092,Cavasso Nuovo (PN),PN,0427/77248,0427/77248,accettazione@aspcavasso.it,si,Residenza ad utenza diversificata,91,3,88,
ASS6 - Friuli occidentale,6.5 Urbano,"ASP Cordenonese ""Arcobaleno""",Pubblica ASP,Via Cervel,68,33084,Cordenons (PN),PN,0434/930440,0434/580334,protocollo@aspcordenonese.it,si,Residenza ad Utenza Diversificata,113,1,112,
ASS3 - Alto Friuli,3.2 Carnia,"ASP della Carnia ""San Luigi Scrosoppi""",Pubblica ASP, Via Morgagni ,5,33028,Tolmezzo (UD),UD,0433/481611,0433/44422,info@aspcarnia.it,si,Residenza ad utenza diversificata,166,16,150,
ASS6 - Friuli occidentale,6.4 Nord,ASP di Spilimbergo,Pubblica ASP,Viale Barbacane,19,33097,Spilmbergo (PN),PN,0427/2134,0427/41268,azienda@aspspilimbergo.it,si,Residenza protetta,204,,204,
ASS1 - Triestina,1.2 Sud,"Casa albergo ""Domus Mariae"" dell'Ente di culto San Giusto",Privata sociale,Via Madonna del Mare,5,34149,Trieste,TS,040/300771,040/300772,domusmariae@alice.it,no,Casa albergo,45,45,,
ASS1 - Triestina,1.2 Sud,"Casa albergo ""Enrico Caratti""",Pubblica ASP,Via Valdirivo,11,34132,Trieste,TS,040/365110,040/3405449,info@prosenectutets.it,no,Casa albergo,10,10,,
ASS1 - Triestina,1.2 Sud,"Casa albergo ""Maria Basiliadis"" dell'Ente di culto San Giusto",Privata sociale,Via Pierluigi da Palestrina,6,34133,Trieste,TS,040/371363,040/371363,elena@casamariabasiliadis.191.it,no,Casa albergo,35,35,,
ASS1 - Triestina,1.1 Ovest,"Casa albergo ""Sacro Cuore""",Ente religioso,Via del Cerreto,2,34136,Trieste,TS,040/410096,040/422636,orsoline.trieste@tiscali.it,no,Casa albergo,13,13,,
ASS5 - Bassa Friulana,5.2 Ovest,Casa albergo Comune di Rivignano,Pubblica comunale,Via Udine,5,33050,Rivignano (UD),UD,0432/775793,0432/775793,,si,Casa albergo,22,22,,
ASS2 - Isontina,2.1 Alto Isontino,"Casa albergo Fondazione ""O. Brovedani"" Onlus",Privata sociale,Via Eulambio,3,34072,Gradisca D'Isonzo (GO),GO,0481/967511,0481/960591,segr@fondazionebrovedani.it,no,Casa albergo,98,98,,
ASS6 - Friuli occidentale,6.4 Nord,Casa albergo per anziani Cimolais,Privata sociale,Via XIX Ottobre,43,33080,Cimolais (PN),PN,0427/87035,0427/87035,l.protti@itaca.coopsoc.it,no,Casa albergo,32,32,,
ASS6 - Friuli occidentale,6.5 Urbano,Casa anziani San Quirino,Pubblica comunale,VIA PIAZZETTA,4,33080,San Quirino (PN),PN,0434/91250,0434/917682,casaanzianisq2005@libero.it,si,Residenza protetta,44,,44,
ASS6 - Friuli occidentale,6.5 Urbano,Casa Betania Opera sacerdozio regale,Privata sociale,Via Villanova,14,33170,Pordenone,PN,0434/570019 - 0434/960019,0434/572664,,no,Casa albergo,27,27,,
ASS6 - Friuli occidentale,6.4 Nord,"Casa dell'Emigrante ""Cesare e Agnese Carnera""",Pubblica comunale,Via G. D. Facchina,82,33090,Sequals (PN),PN,0427/93231 - 0427/93263,0427/939176,casa.emigrante@com-sequals.regione.fvg.it,si,Residenza ad utenza diversificata,93,10,83,
ASS4 - Medio Friuli,4.5 Udine,Casa di accoglienza del clero,Privata sociale,Via G. Ellero,3/4,33100,Udine,UD,0432/511185,0432/502833,fraternitaudine@libero.it,no,Residenza ad utenza diversificata,57,35,22,
ASS1 - Triestina,1.2 Sud,"Casa di riposo ""Cristal""",Privata di mercato,Via Battisti,26,34137,Trieste ,TS,040/633545,,cristal_TS@hotmail.it,no,Residenza polifunzionale,16,,,16
ASS1 - Triestina,1.1 Ovest,"Casa di riposo ""F.lli Stuparich""",Pubblica comunale,Borgo San Mauro,132,34011,Aurisina (TS),TS,040/299195,040/2916043,guglia@comune.duino-aurisina.ts.it,si,Residenza protetta,81,,81,
ASS6 - Friuli occidentale,6.4 Nord,"Casa di riposo ""Fondazione G. Fabricio""",Privata sociale,Via Villa Dote,17,33090,Clauzetto (PN),PN,0427/80205,0427/80205,parr.clauzetto@diocesiconcordiapordenone.it,si,Residenza ad utenza diversificata,25,11,14,
ASS2 - Isontina,2.1 Alto Isontino,"Casa di riposo ""La Cjase""",Pubblica comunale,VIALE VENEZIA GIULIA,74,34071,Cormons (GO),GO,0481/60485,,assistente.sociale@com-cormons.regione.fvg.it,si,Residenza ad utenza diversificata,49,5,44,
ASS1 - Triestina,1.1 Ovest,"Casa di riposo ""Livia Ieralla"" Onlus",Privata sociale,località Padriciano,199,34149,Trieste,TS,040/226260,040/226849,patrizia.piras@casaieralla.it,si,Residenza protetta,112,,112,
ASS1 - Triestina,1.2 Sud,"Casa di riposo ""Napoleone""",Privata di mercato,Via Pozzo del Mare,1,34100,Trieste ,TS,040/304986,040/301943,casanapoleone@gmail.com,no,Residenza polifunzionale,21,,,21
ASS4 - Medio Friuli,4.2 Tarcento,"Casa di riposo ""Nobili dè Pilosio""",Pubblica comunale,Via S. Francesco,98,33019,Tricesimo (UD),UD,0432/851115,0432/854970,casadiriposo@com-tricesimo.regione.fvg.it,si,Residenza ad utenza diversificata,99,54,45,
ASS1 - Triestina,1.4 Nord,"Casa di riposo ""S. Domenico"" - Ente di culto S. Giusto",Ente religioso,Strada di Guardiella,13,34128,Trieste,TS,040/568611,040/568611,cdrsandomenico@alice.it,si,Residenza protetta,48,,48,
ASS2 - Isontina,2.1 Alto Isontino,"Casa di riposo ""S. Vincenzo De Paoli""",Ente religioso,Via della Bona,15,34170,Gorizia,GO,0481/531546,0481/537997,sviluppoprogetti1@gmail.com,no,Casa albergo,68,68,,
ASS3 - Alto Friuli,3.1 Gemonese,"Casa di riposo ""Santa Maria degli Angeli""",Ente religioso,LARGO P. G. FIORAVANTI,9,33013,Gemona del Friuli (UD),UD,0432/898711 - 347/4291472,0432/898726,economagem@libero.it,no,Residenza ad Utenza Diversificata,80,40,40,
ASS2 - Isontina,2.2 Basso Isontino,"Casa di riposo ""Serena""",Pubblica comunale,Viale Papa Giovanni XXIII,40,34073,Grado (GO),GO,0431/896411,0431/85112,casariposo.serena@comunegrado.it,si,Residenza protetta,115,,115,
ASS5 - Bassa Friulana,5.1 Est,"Casa di riposo ""V. Sarcinelli""",Pubblica comunale,VIA MERCATO ,12,33052,Cervignano del Friuli (UD),UD,0431/388530,0431/388603,casa.riposo@com-cervignano-del-friuli.regione.fvg.it,si,Residenza ad utenza diversificata,87,28,59,
ASS2 - Isontina,2.1 Alto Isontino,Casa di riposo “Rosa Mistica”,Ente religioso,Largo S.Luigi Scrosoppi ,2,34071,Cormons (GO),GO,0481/60157 - 0481/61881,0481/61571,casadiriposo@rosamistica.191.it,no,Residenza ad utenza diversificata,106,26,80,
ASS2 - Isontina,2.1 Alto Isontino,"Casa di riposo ad utenza diversificata ""San Salvatore""",Pubblica comunale,Via della Campagnola,13,34072,Gradisca D'Isonzo (GO),GO,0481/92644,0481/954749,CasaRiposo@com-gradisca-d-isonzo.regione.fvg.it,si,Residenza ad utenza diversificata,32,21,11,
ASS4 - Medio Friuli,4.1 S.Daniele,Casa di riposo Buja,Pubblica comunale,Via Ursinis Piccolo,2/23,33030,Buja (UD),UD,0432/960192,0432/960192,,si,Residenza ad utenza diversificata,27,15,12,
ASS1 - Triestina,1.3 Est,Casa di riposo comunale,Pubblica comunale,Salita Ubaldini,5,34015,Muggia (TS),TS,040/3360350,040/272039,jasna.petaros@comunedimuggia.ts.it,si,Residenza ad utenza diversificata,72,10,62,
ASS2 - Isontina,2.1 Alto Isontino,"Casa di riposo comunale ""Angelo Culot""",Pubblica comunale,VIA BRIGATA RE,31,34170,Gorizia,GO,0481/390701,0481/392329,graziella.coni@comune.gorizia.it,si,Residenza ad utenza diversificata,127,95,32,
ASS6 - Friuli occidentale,6.2 Est,"Casa di riposo della Parrocchia dei Santi Vito, Modesto e Crescenzia Martiri",Privata sociale,via SAVORGNANO,47,33078,San Vito al Tagliamento (PN),PN,0434/842511,0434/842599,posta@casadiriposo.org,si,Residenza protetta,264,,264,
ASS6 - Friuli occidentale,6.1 Ovest,Casa di riposo di Sacile,Pubblica comunale,Via Ettoreo,4,33077,Sacile (PN),PN,0434/736489,0434/736405,casa_rip@libero.it,si,Residenza protetta,86,,86,
ASS5 - Bassa Friulana,5.1 Est,Casa di riposo per anziani del Comune di Aiello del Friuli,Pubblica comunale,VIA PETRARCA,30,33041,Aiello del Friuli (UD),UD,0431/99081,0431/974596,casadiriposo@comune.aiellodelfriuli.ud.it,si,Residenza protetta,60,,60,
ASS2 - Isontina,2.1 Alto Isontino,"Casa di riposo Residenza protetta ""Villa S. Giusto""",Ente religioso,CORSO ITALIA ,244,34170,Gorizia,GO,0481/596911,0481/596988,s.giusto.accettazione@fatebenefratelli.it,si,Residenza protetta,200,,200,
ASS6 - Friuli occidentale,6.4 Nord,Comunità alloggio per anziani Andreis,Pubblica comunale,Via Cesare Battisti,75,33080,Andreis (PN),PN,0427/76290,0427/76290,,no,Comunità alloggio,13,13,,
ASS6 - Friuli occidentale,6.1 Ovest,Casa di soggiorno per anziani Aviano,Pubblica comunale,Via Aldo Moro,13,33081,Aviano (PN),PN,0434/652367,0434/651312,casa.riposo@com-aviano.regione.fvg.it,si,Residenza protetta,95,,95,
ASS3 - Alto Friuli,3.1 Gemonese,Casa di soggiorno per anziani Gemona,Pubblica comunale,Via Croce del Papa,31,33013,Gemona del Friuli (UD),UD,0432/980465 - 0432/972810,0432/980465,assistenza@com-gemona-del-friuli.regione.fvg.it,si,Residenza protetta,68,,68,
ASS4 - Medio Friuli,4.2 Tarcento,"Casa famiglia regionale per anziani non vedenti ""Villa Masieri""",Privata sociale,Via Luseriacco ,8,33019,Tricesimo (UD),UD,0432/853569,0432/853569,masieri@uiciechi.it,no,Casa albergo,45,45,,
ASS6 - Friuli occidentale,6.5 Urbano,Casa Serena - Pordenone,Pubblica comunale,Via Revedole,88,33170,Pordenone,PN,0434/41221,0434/541259,giovanni.diprima@comune.pordenone.it,si,Residenza protetta,243,,243,
ASS3 - Alto Friuli,3.1 Gemonese,"Centro anziani ""E. Tolazzi""",Pubblica comunale,Via G. Ermolli,28,33015,Moggio Udinese (UD),UD,0433/51999,0433/550619,centro.anziani@com-moggio-udinese.regione.fvg.it,si,Residenza protetta,71,,71,
ASS6 - Friuli occidentale,6.4 Nord,Centro assistenza anziani Maniago,Pubblica comunale,Via San Mauro ,5,33085,Maniago (PN),PN,0427/707400,0427/732349,casa.anziani@maniago.it,si,Residenza ad utenza diversificata,86,20,66,
ASS3 - Alto Friuli,3.1 Gemonese,Pio Istituto Elemosiniere - A. del Colle,Pubblica ASP,"Via San Giovanni, n. 8",8,33010,Venzone (UD),UD,0432/985159,0432/985159,segreteria@aspvenzone.it,si,Casa albergo,34,34,,
ASS4 - Medio Friuli,4.4 Codroipo,"Centro assistenziale ""Italia Rovere Bianchi"" - Mortegliano (UD)",Pubblica comunale,Via Gonars,11,33050,Mortegliano (UD),UD,0432/762094,0432/762095,centro.bianchi@com-mortegliano.regione.fvg.it,si,Residenza ad utenza diversificata,90,32,58,
ASS2 - Isontina,2.2 Basso Isontino,"Centro demenze Alzheimer  ""Argo""",Pubblica tra Comuni associati,Via Trieste,71,34075,San Canzian D'Isonzo (GO),GO,0481/76409,0481/76409,info@casanzianironchi.191.it,si,Residenza protetta,13,,13,
ASS4 - Medio Friuli,4.1 S.Daniele,"Centro residenziale per anziani ""M. Stango Rodino""",Pubblica comunale,Via Bertagnolli,1,33030,Majano (UD),UD,0432/948466,0432/848592,centroanziani@com-majano.regione.fvg.it,no,Casa albergo,99,99,,
ASS3 - Alto Friuli,3.2 Carnia,Centro residenziale per anziani Paularo,Privata sociale,Via della Pineta,2,33027,Paularo (UD),UD,0433/711193,0433/711193,,si,Casa albergo,25,5,20,
ASS6 - Friuli occidentale,6.5 Urbano,Centro sociale per anziani - Torre di Pordenone,Pubblica comunale,Via Piave,54,33170,Pordenone,PN,0434/41221,0434/541259,giovanni.diprima@comune.pordenone.it,no,Casa albergo,30,30,,
ASS3 - Alto Friuli,3.1 Gemonese,Centro sociale per anziani Osoppo,Privata sociale,Via Rosselli,7,33010,Osoppo (UD),UD,0432/975183,0432/974498,centroanzianiosoppo@alice.it,si,Casa albergo,82,82,,
ASS4 - Medio Friuli,4.1 S.Daniele,Centro sociale residenziale per anziani San Daniele,Pubblica comunale,Via Cadorna,50,33038,San Daniele del Friuli (UD),UD,0432/955618,0432/942770,centro.anziani@san-daniele.it,no,Casa albergo,99,99,,
ASS6 - Friuli occidentale,6.5 Urbano,"Comunità alloggio ""Casa Colvera""",Privata sociale,Via Colvera,1,33170,Pordenone,PN,0434/550073,0434/550073,,no,Comunità alloggio,14,14,,
ASS6 - Friuli occidentale,6.4 Nord,"Comunità alloggio ""Il Pellegrin""",Pubblica comunale,Via Battisti,1,33086,S. Leonardo - Montereale Valcellina (PN),PN,0427/75300,0427/75300,casailpellegrin@gmail.com,no,Comunità alloggio,17,17,,
ASS4 - Medio Friuli,4.2 Tarcento,Comunità alloggio anziani - Pradielis 11,Privata sociale,Fraz. Pradielis,11,33010,Lusevera (UD),UD,0432/787055,0432/787353,comanziani@gmail.com,no,Comunità alloggio,13,13,,
ASS4 - Medio Friuli,4.2 Tarcento,Comunità alloggio anziani - Pradielis 11/A,Privata sociale,Fraz. Pradielis,11/A,33010,Lusevera (UD),UD,0432/787024,0432/787353,comanziani@gmail.com,no,Comunità alloggio,7,7,,
ASS4 - Medio Friuli,4.2 Tarcento,Comunità alloggio anziani - Villanova 110,Privata sociale,Fraz. Villanova delle grotte,110,33010,Lusevera (UD),UD,0432/787069,0432/787353,comanziani@gmail.com,no,Comunità alloggio,13,13,,
ASS4 - Medio Friuli,4.2 Tarcento,Comunità alloggio Attimis,Privata sociale,Piazza A. Moro,1/A,33040,Attimis (UD),UD,0432/789593,0432/789593,campeglio@universiis.it,no,Comunità alloggio,10,10,,
ASS4 - Medio Friuli,4.2 Tarcento,Comunità alloggio casa famiglia Taipana,Pubblica comunale,Via Roma,46,33040,Taipana (UD),UD,0432/788054,0432/788054,,no,Comunità alloggio,24,24,,
ASS4 - Medio Friuli,4.5 Udine,Congregazione Ancelle della carità,Ente religioso,Via Francesco Crispi,35,33100,Udine,UD,0432/501386,0432/501386,s.spiritoudine@gmail.com,no,Residenza ad utenza diversificata,51,11,40,
ASS2 - Isontina,2.1 Alto Isontino,"Congregazione Suore di Maria M. M. ""Domus Mariae SS. Reginae""",Ente religioso,Corso Italia ,120,34170,Gorizia,GO,0481/533888,0481/539758,suoredimaria@libero.it,no,Casa albergo,14,14,,
ASS6 - Friuli occidentale,6.4 Nord,Fondazione Casa per anziani Valeriano,Privata sociale,VIA SOTTOPLOVIA ,21,33094,Pinzano al Tagliamento (PN),PN,0432/950643,0432/950643,info@studiogiacomello.com,no,Casa albergo,15,15,,
ASS6 - Friuli occidentale,6.3 Sud,Fondazione Micoli Toscano,Privata sociale,Via Favetti,7,33080,Zoppola (PN),PN,0434/97187,0434/97243,fondazione@micolitoscano.it,si,Residenza protetta,108,,108,
ASS6 - Friuli occidentale,6.2 Est,Fondazione Opera Colledani-Bulian,Privata sociale,Borgo S. Antonio,9,33098,Valvasone (PN),PN,0434/899390,0434/847600,colledani-bulian@libero.it,no,Casa albergo,25,25,,
ASS2 - Isontina,2.1 Alto Isontino,"Istituto ""Sacra Famiglia""",Privata sociale,Via Don Bosco,66,34170,Gorizia,GO,0481/530341,0481/545928,solskego@tiscali.it,no,Casa albergo,24,24,,
ASS1 - Triestina,1.2 Sud,"Residenza polifunzionale ""Cellini""",Privata di mercato,Via Cellini,3,34132,Trieste,TS,040/365084,040/365084,,no,Residenza polifunzionale,23,,,23
ASS3 - Alto Friuli,3.2 Carnia,"Residence ""Stati Uniti d'America"" Centro anziani",Pubblica comunale,Via Stati Uniti d'America,10,33029,Villa Santina (UD),UD,0433/74364,0433/74364,,si,Casa albergo,96,96,,
ASS4 - Medio Friuli,4.5 Udine,"Residenza ""Aurora""",Privata di mercato,Via della statua,1/a,33050,Terenzano (UD),UD,0432/560697,0432/560697,francescairis@virgilio.it,no,Residenza polifunzionale,10,,,10
ASS1 - Triestina,1.2 Sud,"Residenza ""Carducci""",Privata di mercato,VIA CARDUCCI ,24,34125,Trieste,TS,040/763078 - 040/631829,1782714401,carducci@residenzeagape.it,si,Residenza polifunzionale con Mod.A,40,,,40
ASS1 - Triestina,1.4 Nord,"Residenza ""E. Gregoretti""",Pubblica comunale,Via de Ralli,1,34128,Trieste,TS,040/3593711,040/3593709,casa_riposo_gregoretti@comune.trieste.it,si,Residenza protetta,91,,91,
ASS4 - Medio Friuli,4.5 Udine,"Residenza ""I Faggi""",Pubblica ASP,VIA MICESIO,31,33100,Udine,UD,0432/514111,0432/287233,segreteria@laquieteudine.it,no,Casa albergo,124,124,,
ASS1 - Triestina,1.1 Ovest,"Residenza ""Le Magnolie""",Privata di mercato,Via Cologna,29/1,34127,Trieste ,TS,040/55307,040/2464893,info@residenzalemagnolie.com,no,Residenza polifunzionale,25,,,25
ASS1 - Triestina,1.2 Sud,"Residenza ""Le Rose""",Privata di mercato,Via Roma,13,34123,Trieste,TS,040/363360,040/363360,susylerose@yahoo.it,no,Residenza polifunzionale,25,,,25
ASS4 - Medio Friuli,4.5 Udine,"Residenza ""S. Anna""",Privata sociale,Via Tellini,1,33100,Udine,UD,0432/600649,0432/624001,s.annasegreteria@societadolce.it,si,Residenza protetta,95,,95,
ASS1 - Triestina,1.2 Sud,"Residenza ""Santa Chiara""",Privata di mercato,Via Udine,13,34132,Trieste ,TS,040/413035,040/4526507,santachiarats@gmail.com,no,Residenza polifunzionale,20,,,20
ASS3 - Alto Friuli,3.2 Carnia,"Residenza per anziani ""Monsignor Nigris""",Privata sociale,Via della Maina,28,33021,Ampezzo (UD),UD,0433/80970,0433/811835,cdrnigris@universiis.it,si,Residenza protetta,37,,37,
ASS2 - Isontina,2.2 Basso Isontino,Residenza per anziani ad utenza diversificata,Pubblica comunale,Via Crociera,14,34074,Monfalcone (GO),GO,0481/494811,0481/494814,casaalbergo@comune.monfalcone.go.it,si,Residenza ad utenza diversificata,62,,62,
ASS4 - Medio Friuli,4.5 Udine,Residenza per anziani Zaffiro Martignacco,Privata di mercato,VIA DELLA VECCHIA FILATURA,26/1,33035,Martignacco (UD),UD,0432/407311,0432/410284,f.minisini@gruppozaffiro.it,si,Residenza ad utenza diversificata,120,0,120,
ASS4 - Medio Friuli,4.1 S.Daniele,Residenza per persone non autosufficienti di S. Daniele del Friuli,Azienda per i servizi sanitari,via Dalmazia,33,33038,S.Daniele del Friuli (UD),UD,0432/969011,0432/969020,segreteriacdr.sdaniele@mediofriuli.it,si,Residenza protetta,146,,146,
ASS1 - Triestina,1.2 Sud,"Residenza polifunzionale ""Albertina""",Privata di mercato,Via Coroneo,3,34133,Trieste,TS,040/365900,040/365900,,no,Residenza polifunzionale,25,,,25
ASS1 - Triestina,1.2 Sud,"Residenza polifunzionale ""Alida""",Privata di mercato,Via S.Nicolò,8,34121,Trieste,TS,040/633054,040/633054,massimiliano.liessi@gmail.com,no,Residenza polifunzionale,24,,,24
ASS1 - Triestina,1.2 Sud,"Residenza polifunzionale ""Anni Sereni""",Privata di mercato,Via Gatteri,6,34125,Trieste,TS,040/633452,040/633452,residenzadanubio@hotmail.it,no,Residenza polifunzionale,17,,,17
ASS1 - Triestina,1.1 Ovest,"Residenza polifunzionale ""Antonella""",Privata di mercato,Via di Prosecco,9,34151,Trieste ,TS,040/211188,040/211188,residenza.antonella@gmail.com,no,Residenza polifunzionale,20,,,20
ASS1 - Triestina,1.2 Sud,"Residenza polifunzionale ""Arianna""",Privata di mercato,Viale XX Settembre,16,34125,Trieste ,TS,040/660216,040/660216,antonello.finelli@libero.it,no,Residenza polifunzionale,23,,,23
ASS1 - Triestina,1.4 Nord,"Residenza polifunzionale ""Carlo Goldoni""",Privata di mercato,Via Carducci,31,34100,Trieste,TS,040/660319,040/660319,residenzadanubio@hotmail.it,no,Residenza polifunzionale,13,,,13
ASS1 - Triestina,1.2 Sud,"Residenza polifunzionale ""Casa Favretto""",Privata di mercato, Via Gatteri,6,34125,Trieste,TS,040/635338,,triesteamministrazione@societadolce.it,no,Residenza polifunzionale,18,,,18
ASS1 - Triestina,1.2 Sud,"Residenza polifunzionale ""Casa Maria 2""",Privata di mercato,Via Machiavelli,13,34132,Trieste,TS,040/3478323,040/0641930,residenzadanubio@hotmail.it,no,Residenza polifunzionale,17,,,17
ASS1 - Triestina,1.2 Sud,"Residenza polifunzionale ""Casa Rosanna""",Privata di mercato, Via G. Gozzi,4,34134,Trieste,TS,040/420124,040/420124,triesteamministrazione@societadolce.it,no,Residenza polifunzionale,47,,,47
ASS1 - Triestina,1.2 Sud,"Residenza polifunzionale ""Cinque Stelle""",Privata di mercato,Via Torrebianca,8,34132,Trieste,TS,040/3478042,040/3478042,cinquestelletrieste@gmail.com,no,Residenza polifunzionale,20,,,20
ASS1 - Triestina,1.2 Sud,"Residenza polifunzionale ""Dalila""",Privata di mercato,Via Machiavelli,28,34132,Trieste,TS,040/662584,040/662584,g.pesarino@virgilio.it,no,Residenza polifunzionale,12,,,12
ASS1 - Triestina,1.2 Sud,"Residenza polifunzionale ""Danubio""",Privata di mercato,Via San Francesco,16,34133,Trieste,TS,040/661385,040/661385,residenzadanubio@hotmail.it,no,Residenza polifunzionale,9,,,9
ASS1 - Triestina,1.2 Sud,"Residenza polifunzionale ""Diamante""",Privata di mercato,Via XXX Ottobre,15,34122,Trieste,TS,040/638851,040/638851,wally-s@email.it,no,Residenza polifunzionale,16,,,16
ASS1 - Triestina,1.4 Nord,"Residenza polifunzionale ""Eden""",Privata di mercato,Largo Barriera vecchia,11,34131,Trieste,TS,040/369123,040/369123,info@residenzaeden.it,no,Residenza polifunzionale,30,,,30
ASS1 - Triestina,1.2 Sud,"Residenza polifunzionale ""Elite""",Privata di mercato,Via Battisti,17,34125,Trieste,TS,040/3481488,040/3481488,casadiriposoelite@libero.it,no,Residenza polifunzionale,18,,,18
ASS1 - Triestina,1.2 Sud,"Residenza polifunzionale ""Fiore"" di Sabrina Cossutta & C.",Privata di mercato,Via Machiavelli,22,34122,Trieste ,TS,040/661577,040/661577,sabrina.cossutta@gmail.com,no,Residenza polifunzionale,14,,,14
ASS1 - Triestina,1.4 Nord,"Residenza polifunzionale ""Flora 2""",Privata di mercato,Via Carducci,32,34100,Trieste ,TS,040/7600444,040/7600444,res.flora@libero.it,no,Residenza polifunzionale,21,,,21
ASS1 - Triestina,1.2 Sud,"Residenza polifunzionale ""Futura""",Privata di mercato,Via Coroneo,3,34133,Trieste,TS,040/660996,,linea.dieci@libero.it,no,Residenza polifunzionale,25,,,25
ASS1 - Triestina,1.2 Sud,"Residenza polifunzionale ""Il nido""",Privata di mercato,Via Valdirivo,22,34132,Trieste ,TS,040/638879,040/639566,maura.cettina@libero.it,no,Residenza polifunzionale,20,,,20
ASS1 - Triestina,1.4 Nord,"Residenza polifunzionale ""La Dolce Vita""",Privata di mercato,Via delle Zudecche,1,34131,Trieste ,TS,040/636960,040/636960,ladolcevita.trieste@gmail.com,no,Residenza polifunzionale,18,,,18
ASS6 - Friuli occidentale,6.4 Nord,"Residenza polifunzionale ""La Panoramica""",Privata di mercato,Via Tagliamento,10,33094,Pinzano al Tagliamento (PN),PN,0432/950854,0432/873463,info@lapanoramica.org,si,Residenza polifunzionale con Mod.A,25,,,25
ASS1 - Triestina,1.2 Sud,"Residenza Polifunzionale ""Moschion""  (1° piano)",Privata di mercato,Via Battisti,22,34125,Trieste,TS,040/631144,040/368423,residenzamoschion@libero.it,no,Residenza polifunzionale,18,,,18
ASS1 - Triestina,1.2 Sud,"Residenza polifunzionale ""Moschion"" (2° piano)",Privata di mercato,Via Battisti,22,34125,Trieste,TS,040/631144,040/368423,residenzamoschion@libero.it,no,Residenza polifunzionale,20,,,20
ASS1 - Triestina,1.2 Sud,"Residenza polifunzionale ""Nonna Adriana""",Privata di mercato,Via Torrebianca,8,34132,Trieste,TS,040/362961,,emanuela.cigui@gmail.com,no,Residenza polifunzionale,25,,,25
ASS1 - Triestina,1.2 Sud,"Residenza polifunzionale ""Oasis""",Privata di mercato,Via Machiavelli,15,34132,Trieste,TS,040/367063,040/367063,residenzadanubio@hotmail.it,no,Residenza polifunzionale,17,,,17
ASS1 - Triestina,1.2 Sud,"Residenza polifunzionale ""Primavera""",Privata di mercato,Via Valdirivo,21,34132,Trieste ,TS,040/7606118,040/7606118,residenza.primavera@libero.it,no,Residenza polifunzionale,12,,,12
ASS1 - Triestina,1.2 Sud,"Residenza polifunzionale ""Raggio di Sole""",Privata di mercato,Via Cesare Battisti,22,34125,Trieste ,TS,040/661758,040/372298,info@residenzaraggiodisolets.it,no,Residenza polifunzionale,52,,,52
ASS1 - Triestina,1.4 Nord,"Residenza polifunzionale ""Relax""",Privata di mercato,Via S. Maurizio,13,34129,Trieste,TS,040/365070,040/365070,residenzerelax@vodafone.it,no,Residenza polifunzionale,25,,,25
ASS1 - Triestina,1.2 Sud,"Residenza polifunzionale ""Relax""",Privata di mercato,Via Lavatoio,5,34132,Trieste,TS,040/363135,,residenzarelax@vodafone.it,no,Residenza polifunzionale,20,,,20
ASS1 - Triestina,1.2 Sud,"Residenza polifunzionale ""Renè""",Privata di mercato,Via Santa Caterina,5,34122,Trieste,TS,040/637204,040/637204,andreja.vagaja@telemach.net,no,Residenza polifunzionale,11,,,11
ASS1 - Triestina,1.2 Sud,"Residenza polifunzionale ""Rosy""",Privata di mercato,Via San Lazzaro,23,34122,Trieste ,TS,040/632792,,,no,Residenza polifunzionale,11,,,11
ASS1 - Triestina,1.2 Sud,"Residenza polifunzionale ""S. Giusto""",Privata di mercato,Via Milano,18,34132,Trieste ,TS,040/638949,,,no,Residenza polifunzionale,11,,,11
ASS1 - Triestina,1.2 Sud,"Residenza polifunzionale ""Senilità""",Privata di mercato,Via Coroneo,3,34133,Trieste,TS,040/366766,,linea.dieci@libero.it,no,Residenza polifunzionale,25,,,25
ASS1 - Triestina,1.3 Est,"Residenza polifunzionale ""Tiziana""",Privata di mercato,Log San Dorligo della valle,158,34100,Trieste,TS,040/280986,040/280986,residenzadanubio@hotmail.it,no,Residenza polifunzionale,20,,,20
ASS1 - Triestina,1.2 Sud,"Residenza polifunzionale ""Valdirivo""",Privata di mercato,Via Valdirivo,22,34132,Trieste,TS,040/3728722,040/37208722,info@residenzaeden.it,no,Residenza polifunzionale,20,,,20
ASS1 - Triestina,1.2 Sud,"Residenza polifunzionale ""Valy""",Privata di mercato,Via San Francesco ,40,34133,Trieste,TS,040/635414,040/635414,residenzadanubio@hotmail.it,no,Residenza polifunzionale,16,,,16
ASS1 - Triestina,1.2 Sud,"Residenza polifunzionale ""Zovenzoni""",Privata di mercato,Via Zovenzoni,6,34125,Trieste,TS,040/634546,040/634545,residenzadanubio@hotmail.it,no,Residenza polifunzionale,22,,,22
ASS4 - Medio Friuli,4.2 Tarcento,Residenza polifunzionale di Campeglio,Privata sociale,Via Soffumbergo,19,33040,Faedis (UD),UD,0432/711191,0432/711956,campeglio@universiis.it,no,Residenza polifunzionale,24,,,24
ASS1 - Triestina,1.2 Sud,"Residenza polifunzionale per anziani ""Arcobaleno""",Privata di mercato,Via Cellini,3,34132,Trieste,TS,040/362013,040/362013,residenza.arcobaleno@virgilio.it,no,Residenza polifunzionale,34,,,34
ASS1 - Triestina,1.2 Sud,"Residenza polifunzionale per anziani ""Flora""",Privata di mercato,Via Torrebianca,25,34132,Trieste ,TS,040/361385,040/361385,res.flora@libero.it,no,Residenza polifunzionale,12,,,12
ASS1 - Triestina,1.2 Sud,"Residenza polifunzionale per anziani ""Le Ginestre""",Privata di mercato,Via Cellini,3,34132,Trieste,TS,040/773614,040/773614,miramare.ts@virgilio.it,no,Residenza polifunzionale,17,,,17
ASS1 - Triestina,1.2 Sud,"Residenza polifunzionale per anziani ""Miramare""",Privata di mercato,Via Cellini,3,34132,Trieste,TS,040/3726410,040/3721896,miramare.ts@virgilio.it,no,Residenza polifunzionale,32,,,32
ASS4 - Medio Friuli,4.5 Udine,"Residenza protetta ""Caris""",Privata sociale,Via Montello,55,33100,Udine,UD,0432/484736,0432/487616,carisa@societadolce.it,si,Residenza protetta,60,,60,
ASS2 - Isontina,2.2 Basso Isontino,"Residenza protetta ""D. Corradini""",Pubblica tra Comuni associati,Via D'Annunzio,14,34077,Ronchi dei Legionari (GO),GO,0481/474577,0481/475109,info@casanzianironchi.191.it,si,Residenza protetta,66,,66,
ASS2 - Isontina,2.1 Alto Isontino,Residenza protetta Cormons,Azienda per i servizi sanitari,Via Venezia Giulia ,74,34071,Cormons (GO),GO,0481/629201,0481/629220,distai@ass2.sanita.fvg.it,si,Residenza protetta,34,,34,
ASS4 - Medio Friuli,4.2 Tarcento,Residenza Zaffiro Colle Verzan,Privata di mercato,VIA SOTTOCOLLE VERZAN ,30,33017,Tarcento (UD),UD,0432/781800,0432/755148,f.minisini@gruppozaffiro.it,si,Residenza ad utenza diversificata,158,38,120,
ASS4 - Medio Friuli,4.5 Udine,"Sereni Orizzonti ""Giacinto Blasoni"" di Risano",Privata di mercato,via Roggia,4/1,33050,Risano - Pavia di Udine (UD),UD,0432/564709,0432/564709,risano@sereniorizzonti.it,si,Residenza polifunzionale con Mod.A,33,,,33
ASS4 - Medio Friuli,4.5 Udine,"Sereni Orizzonti ""Santa Chiara""",Privata di mercato,Viale Europa Unita,163/1,33100,Udine,UD,0432/229223,0432/298581,udine.santachiara@sereniorizzonti.it,si,Residenza polifunzionale con Mod.A,25,,,25
ASS5 - Bassa Friulana,5.1 Est,Sereni Orizzonti Aiello,Privata di mercato,Via G. Rossini,19/B,33041,Aiello del Friuli (UD),UD,0431/99019,0431/99332,aiello@sereniorizzonti.it,si,Residenza protetta,118,,118,
ASS3 - Alto Friuli,3.1 Gemonese,Sereni Orizzonti Gemona,Privata di mercato,via Santa Lucia,53,33013,Gemona del Friuli (UD),UD,0432/971520,0432/970263,gemona@sereniorizzonti.it,si,Residenza polifunzionale con Mod.A,60,,,60
ASS4 - Medio Friuli,4.5 Udine,Sereni Orizzonti P.le Cella,Privata di mercato,piazzale Cella,62,33100,Udine,UD,0432/532304,0432/532304,udine.cella@sereniorizzonti.it,si,Residenza polifunzionale con Mod.A,46,,,46
ASS4 - Medio Friuli,4.5 Udine,Sereni Orizzonti Percoto,Privata di mercato,via Aquileia,94,33050,Percoto - Pavia di Udine (UD),UD,0432/676898,0432/676898,percoto@sereniorizzonti.it,si,Residenza polifunzionale con Mod.A,50,,,50
ASS2 - Isontina,2.2 Basso Isontino,Sereni Orizzonti Pieris,Privata di mercato,via Roma,46/48,33075,San Canzian D'Isonzo (GO),GO,0481/767245,0481/470072,pieris2@sereniorizzonti.it,si,Residenza polifunzionale con Mod.A,60,,,60
ASS4 - Medio Friuli,4.3 Cividale,Sereni Orizzonti San Giovanni al Natisone,Privata di mercato,via Stazione,70,33048,San Giovanni al Natisone (UD),UD,0432/757378,0432/757359,sangiovanni@sereniorizzonti.it,si,Residenza polifunzionale con Mod.A,80,,,80
ASS4 - Medio Friuli,4.5 Udine,Sereni Orizzonti Via Podgora,Privata di mercato,via Podgora,16,33100,Udine,UD,0432/235612,0432/532844,udine.podgora@sereniorizzonti.it,si,Residenza polifunzionale con Mod.A,60,,,60
ASS4 - Medio Friuli,4.5 Udine,Sereni Orizzonti Viale XXIII Marzo,Privata di mercato,viale XXIII Marzo,31,33100,Udine,UD,0432/502104,0432/502104,udine.23marzo@sereniorizzonti.it,si,Residenza polifunzionale con Mod.A,24,,,24
ASS6 - Friuli occidentale,6.1 Ovest,"Servizio Sperimentale ""Pra de Plana"" Sereni Orizzonti",Privata di mercato,via Montecavallo ,76,33081,Aviano Loc. Pra de Plana (PN),PN,0434/652552,0434/652427,aviano@sereniorizzonti.it,si,Abitare possibile,50,25,25,
ASS2 - Isontina,2.2 Basso Isontino,"Struttura per anziani ""De Gressi""",Pubblica tra Comuni associati,Via Cosolo,19,34070,Fogliano - Redipuglia (GO),GO,0481/489856,0481/489856,info@casanzianironchi.191.it,si,Residenza ad utenza diversificata,18,10,8,
ASS4 - Medio Friuli,4.2 Tarcento,Villa Nimis,Privata sociale,Via Roma,38,33045,Nimis (UD),UD,0432/790113,0432/797970,progesco@libero.it,si,Residenza polifunzionale con Mod.A,60,,,60
ASS4 - Medio Friuli,4.2 Tarcento,"Zaffiro ""Casa anziani Nelson Rockefeller""",Privata di mercato,VIA CIVIDINA,56,33010,Magnano in Riviera (UD),UD,0432/781222,0432/782010,f.minisini@gruppozaffiro.it,si,Residenza ad utenza diversificata,150,30,120,
