ASS,Distretto,id,Denominazione_struttura,Natura_giuridica,operator,addr:street,addr:housenumber,addr:postcode,addr:city,lon,lat,type,Prov.,Telefono,Fax,Email,Convenzione_con_SSR,Tipologia_residenza,description,social_facility,social_facility:for,capacity,Posti_letto_per_autosufficienti,capacity:disabled,Posti_letto_in_polifunzionale
ASS1 - Triestina,1.2 Sud,0,Casa Anna 1,privata di mercato,,Via San Lazzaro,17,34122,Trieste,13.7759104,45.6514233,house,TS,+39 040 631020,+39 040 631020,info@casarosannats.it,non convenzionata,Residenza polifunzionale,"Residenza polifunzionale, privata di mercato, non convenzionata con SSR; ASS1 - Triestina, distretto 1.2 Sud",nursing_home,senior,18,,,18
ASS4 - Medio Friuli,4.1 S.Daniele,1,Centro anziani Buja,pubblica comunale,Comune di Buja ,Via Ursinins Piccolo,2,33030,Buja ,13.1190256,46.206878,house,UD,+39 0432 964421,+39 0432 964422,,non convenzionata,Casa albergo,"Casa albergo, pubblica comunale, non convenzionata con SSR; ASS4 - Medio Friuli, distretto 4.1 S.Daniele",assisted_living,senior,64,64,,
ASS1 - Triestina,1.2 Sud,2,Ad Maiores,privata di mercato,,Corso Italia,27,34122,Trieste,13.775283,45.64951,house,TS,+39 040 638200,+39 040 3474091,tizianakert@gmail.com,convenzionata,Residenza polifunzionale con modulo fascia A,"Residenza polifunzionale con modulo fascia A, privata di mercato, convenzionata con SSR; ASS1 - Triestina, distretto 1.2 Sud",nursing_home,,48,,,48
ASS1 - Triestina,1.4 Nord,3,Anni d'argento,privata di mercato,,Largo della Barriera Vecchia,11,34129,Trieste ,13.7789577,45.6476237,house,TS,+39 040 636258,+39 040 636258,annidiargento@libero.it,non convenzionata,Residenza polifunzionale,"Residenza polifunzionale, privata di mercato, non convenzionata con SSR; ASS1 - Triestina, distretto 1.4 Nord",nursing_home,senior,15,,,15
ASS2 - Isontina,2.2 Basso Isontino,4,Casa alloggio 2000,privata sociale,,Via pietro Blaserna,12,34074,Monfalcone ,13.5324452,45.8104323,house,GO,+39 0481 40005,,,non convenzionata,Residenza polifunzionale,"Residenza polifunzionale, privata sociale, non convenzionata con SSR; ASS2 - Isontina, distretto 2.2 Basso Isontino",nursing_home,senior,10,,,10
ASS1 - Triestina,1.2 Sud,5,ASP ITIS,pubblica ASP,ASP ITIS,Via Giovanni Pascoli,31,34129,Trieste,13.7843493,45.6469455,house,TS,+39 040 3736210,+39 040 3736220,segreteria@itis.it,convenzionata,Residenza protetta,"Residenza protetta, pubblica ASP, convenzionata con SSR; ASS1 - Triestina, distretto 1.2 Sud",nursing_home,disabled,411,,411,
ASS4 - Medio Friuli,4.5 Udine,6,La Quiete,pubblica ASP,La Quiete,VIA Sant'AGOSTINO,7,33100,Udine,13.239846054479447,46.0685254,social_facility,UD,+39 0432 886211,+39 0432 26460,segreteria@laquieteudine.it,convenzionata,Residenza ad utenza diversificata,"Residenza ad utenza diversificata, pubblica ASP, convenzionata con SSR; ASS4 - Medio Friuli, distretto 4.5 Udine",nursing_home,senior;disabled,445,14,431,
ASS1 - Triestina,1.2 Sud,7,Casa Anna 2,privata sociale,,Via San Lazzaro,17,34122,Trieste,13.7759104,45.6514233,house,TS,+39 040 631020,+39 040 631020,triesteamministrazione@societadolce.it,non convenzionata,Residenza polifunzionale,"Residenza polifunzionale, privata sociale, non convenzionata con SSR; ASS1 - Triestina, distretto 1.2 Sud",nursing_home,senior,23,,,23
ASS1 - Triestina,1.4 Nord,8,Casa della famiglia della Giovane Mater Dei,privata sociale,,VIALE RAFFAELLO SANZIO,3,34128,Trieste,13.7996591,45.6548625,house,TS,+39 040 53580,+39 040 350441,mater.dei@tiscali.it,non convenzionata,Casa albergo,"Casa albergo, privata sociale, non convenzionata con SSR; ASS1 - Triestina, distretto 1.4 Nord",assisted_living,senior,88,88,,
ASS1 - Triestina,1.3 Est,9,Casa Emmaus,privata sociale,,Via Italo Svevo,34,34145,Trieste,13.7812021,45.6302603,house,TS,+39 040 3882111,+39 040 3882600,casa.emmaus@libero.it,convenzionata,Residenza protetta,"Residenza protetta, privata sociale, convenzionata con SSR; ASS1 - Triestina, distretto 1.3 Est",nursing_home,disabled,122,,122,
ASS1 - Triestina,1.4 Nord,10,Casa Fiorita,privata di mercato,,Strada Nuova per Opicina,7,34151,Trieste,13.806988,45.6627968,house,TS,+39 040 55193,+39 040 55193,pbonazza@hotmail.it,non convenzionata,Residenza polifunzionale,"Residenza polifunzionale, privata di mercato, non convenzionata con SSR; ASS1 - Triestina, distretto 1.4 Nord",nursing_home,senior,20,,,20
ASS1 - Triestina,1.1 Ovest,11,Casa Mario Capon,pubblica comunale,Comune di Trieste,Via Sant'Isidoro,13,34016,Trieste,13.7762076,45.6909744,house,TS,+39 040 211484,+39 040 214186,casa_riposo_capon@comune.trieste.it,non convenzionata,Casa albergo,"Casa albergo, pubblica comunale, non convenzionata con SSR; ASS1 - Triestina, distretto 1.1 Ovest",assisted_living,senior,25,25,,
ASS1 - Triestina,1.2 Sud,12,Casa Rusconi ASP,pubblica ASP,Casa Rusconi ASP,Via Giovanni Pascoli,31,34129,Trieste,13.7843493,45.6469455,house,TS,+39 040 3736303,,segreteria@itis.it,non convenzionata,Comunità alloggio,"Comunità alloggio, pubblica ASP, non convenzionata con SSR; ASS1 - Triestina, distretto 1.2 Sud",group_home,,30,30,,
ASS1 - Triestina,1.4 Nord,13,Centro per l'anziano,pubblica comunale,Comune di Trieste,Via Carlo de Marchesetti,8/3,34142,Trieste,13.8195228,45.6437799,house,TS,+39 040 910252,+39 040 9149252,Amministrazione_CPA@comune.trieste.it,convenzionata,Residenza ad utenza diversificata,"Residenza ad utenza diversificata, pubblica comunale, convenzionata con SSR; ASS1 - Triestina, distretto 1.4 Nord",nursing_home,senior;disabled,206,86,120,
ASS1 - Triestina,1.1 Ovest,14,Fiori del Carso,privata di mercato,,aurisina Stazione,26a,34011,Duino Aurisina ,13.68592460763853,45.7503965,social_facility,TS,+39 040 3784300,+39 040 3784313,fiori@pinetadelcarso.it,convenzionata,Residenza polifunzionale con modulo fascia A,"Residenza polifunzionale con modulo fascia A, privata di mercato, convenzionata con SSR; ASS1 - Triestina, distretto 1.1 Ovest",nursing_home,,57,,,57
ASS2 - Isontina,2.2 Basso Isontino,15,I.S.A.,privata di mercato,,VIA pietro BLASERNA,12,34074,Monfalcone ,13.5324452,45.8104323,house,GO,+39 0481 412983,+39 0481 412983,info@casapensioneisa.it,non convenzionata,Residenza polifunzionale,"Residenza polifunzionale, privata di mercato, non convenzionata con SSR; ASS2 - Isontina, distretto 2.2 Basso Isontino",nursing_home,senior,23,,,23
ASS5 - Bassa Friulana,5.1 Est,16,Ianus,privata sociale,,Viale San Marco,4,33057,Palmanova ,13.2992636,45.9102743,house,UD,+39 0432 924132,+39 0432 933001,ianus.segreteria@societadolce.it,convenzionata,Residenza polifunzionale con modulo fascia A,"Residenza polifunzionale con modulo fascia A, privata sociale, convenzionata con SSR; ASS5 - Bassa Friulana, distretto 5.1 Est",nursing_home,,60,,,60
ASS1 - Triestina,1.2 Sud,17,La  Primula,privata di mercato,,Via del Molino a Vento,72,34137,Trieste ,13.784536,45.6404365,house,TS,+39 040 369575,+39 040 369575,laprimulatrieste@libero.it,non convenzionata,Residenza polifunzionale,"Residenza polifunzionale, privata di mercato, non convenzionata con SSR; ASS1 - Triestina, distretto 1.2 Sud",nursing_home,senior,16,,,16
ASS1 - Triestina,1.2 Sud,18,La Fenice,privata di mercato,,Via Matteo Renato Imbriani,2,34122,Trieste,13.7754927,45.6497816,house,TS,+39 040 636666,+39 040 3723360,rottacorporation@gmail.com,convenzionata,Residenza polifunzionale con modulo fascia A,"Residenza polifunzionale con modulo fascia A, privata di mercato, convenzionata con SSR; ASS1 - Triestina, distretto 1.2 Sud",nursing_home,,38,,,38
ASS1 - Triestina,1.1 Ovest,19,La Meridiana,privata di mercato,,Via di Conconello,29,34151,Trieste,13.7941698,45.6842504,house,TS,+39 040 211511,+39 040 211511,cdrlameridiana@alice.it,non convenzionata,Residenza polifunzionale,"Residenza polifunzionale, privata di mercato, non convenzionata con SSR; ASS1 - Triestina, distretto 1.1 Ovest",nursing_home,senior,25,,,25
ASS1 - Triestina,1.2 Sud,20,La Perla,privata di mercato,,Via Matteo Renato Imbriani,2,34122,Trieste,13.7754927,45.6497816,house,TS,+39 040 636666,+39 040 3723360,rottacorporation@gmail.com,convenzionata,Residenza polifunzionale con modulo fascia A,"Residenza polifunzionale con modulo fascia A, privata di mercato, convenzionata con SSR; ASS1 - Triestina, distretto 1.2 Sud",nursing_home,,34,,,34
ASS1 - Triestina,1.2 Sud,21,La Primula 2,privata di mercato,,Via Benvenuto Cellini,2,34132,Trieste ,13.7730301,45.6562004,house,TS,+39 040 661764,+39 040 661764,laprimulatrieste@libero.it,non convenzionata,Residenza polifunzionale,"Residenza polifunzionale, privata di mercato, non convenzionata con SSR; ASS1 - Triestina, distretto 1.2 Sud",nursing_home,senior,14,,,14
ASS1 - Triestina,1.2 Sud,22,La Roccia di Milana Mitic & C.,privata di mercato,,Via Cesare Battisti,25,34137,Trieste,13.7808515,45.6527528,cafe,TS,+39 040 370774,+39 040 370774,larocciasas@pec.cgn.it,non convenzionata,Residenza polifunzionale,"Residenza polifunzionale, privata di mercato, non convenzionata con SSR; ASS1 - Triestina, distretto 1.2 Sud",nursing_home,senior,10,,,10
ASS1 - Triestina,1.2 Sud,23,La tua casa,privata di mercato,,Via Giulia,1,34126,Trieste,13.7824149,45.6533859,pharmacy,TS,+39 040 370223,+39 040 635744,latuacasa_srl@libero.it,non convenzionata,Residenza polifunzionale,"Residenza polifunzionale, privata di mercato, non convenzionata con SSR; ASS1 - Triestina, distretto 1.2 Sud",nursing_home,senior,24,,,24
ASS1 - Triestina,1.2 Sud,24,La tua casa,privata di mercato,,Via Genova,23,34100,Trieste,13.7737085,45.6510339,house,TS,+39 040 636239,+39 040 635744,latuacasa_srl@libero.it,non convenzionata,Residenza polifunzionale,"Residenza polifunzionale, privata di mercato, non convenzionata con SSR; ASS1 - Triestina, distretto 1.2 Sud",nursing_home,senior,40,,,40
ASS1 - Triestina,1.2 Sud,25,La tua casa,privata di mercato,,Via Giulia,5,34126,Trieste,13.7831244,45.6534731,house,TS,+39 040 635744,+39 040 635744,latuacasa_srl@libero.it,non convenzionata,Residenza polifunzionale,"Residenza polifunzionale, privata di mercato, non convenzionata con SSR; ASS1 - Triestina, distretto 1.2 Sud",nursing_home,senior,25,,,25
ASS5 - Bassa Friulana,5.1 Est,26,La Villa Rosa,privata di mercato,,Via San Zenone,112,33052,Cervignano del Friuli ,13.3315759,45.8368542,house,UD,+39 0431 34744,+39 040 635744,latuacasa_srl@libero.it,non convenzionata,Residenza polifunzionale,"Residenza polifunzionale, privata di mercato, non convenzionata con SSR; ASS5 - Bassa Friulana, distretto 5.1 Est",nursing_home,senior,42,,,42
ASS1 - Triestina,1.2 Sud,27,Le Mimose di Adriano Cornachin,privata di mercato,,Via San Francesco d'Assisi,15,34133,Trieste ,13.779278,45.6530656,house,TS,+39 040 0640340,,lemimose.ts@gmail.com,non convenzionata,Residenza polifunzionale,"Residenza polifunzionale, privata di mercato, non convenzionata con SSR; ASS1 - Triestina, distretto 1.2 Sud",nursing_home,senior,10,,,10
ASS1 - Triestina,1.2 Sud,28,Le Mimose di Adriano Cornachin,privata di mercato,,Via di Torre Bianca,25,34132,Trieste ,13.773935,45.65272,house,TS,+39 040 2454796,+39 040 0646407,lemimose.ts@gmail.com,non convenzionata,Residenza polifunzionale,"Residenza polifunzionale, privata di mercato, non convenzionata con SSR; ASS1 - Triestina, distretto 1.2 Sud",nursing_home,senior,14,,,14
ASS1 - Triestina,1.1 Ovest,29,Pia Casa Gentilomo Abramo Stock,ente religioso,,Via di Cologna,29,34127,Trieste ,13.789269,45.6557767,house,TS,+39 040 568578,+39 040 5705590,piacasagentilomo@triestebraica.it,convenzionata,Residenza protetta,"Residenza protetta, ente religioso, convenzionata con SSR; ASS1 - Triestina, distretto 1.1 Ovest",nursing_home,disabled,20,,20,
ASS1 - Triestina,1.2 Sud,30,Mademar,privata di mercato,,Via della Madonna del Mare,16,34124,Trieste,13.7683057,45.6467539,house,TS,+39 040 3220215,+39 040 3223268,,non convenzionata,Residenza polifunzionale,"Residenza polifunzionale, privata di mercato, non convenzionata con SSR; ASS1 - Triestina, distretto 1.2 Sud",nursing_home,senior,11,,,11
ASS1 - Triestina,1.2 Sud,31,Nonno Felice 1,privata di mercato,,Via Belpoggio,16,34100,Trieste,13.7595511,45.643338,house,TS,+39 040 311593,+39 040 311593,nonnofelicedue@vodafone.it,non convenzionata,Residenza polifunzionale,"Residenza polifunzionale, privata di mercato, non convenzionata con SSR; ASS1 - Triestina, distretto 1.2 Sud",nursing_home,senior,16,,,16
ASS1 - Triestina,1.2 Sud,32,Nonno Felice 2,privata di mercato,,Via Felice Venezian,4,34100,Trieste,13.7653543,45.648434,house,TS,+39 040 300870,+39 040 300870,nonnofelicedue@vodafone.it,non convenzionata,Residenza polifunzionale,"Residenza polifunzionale, privata di mercato, non convenzionata con SSR; ASS1 - Triestina, distretto 1.2 Sud",nursing_home,senior,19,,,19
ASS1 - Triestina,1.3 Est,33,Nuova Villa Iris,privata di mercato,,Via Log,194,34018,San Dorligo della Valle ,13.8364953,45.6211474,house,TS,+39 040 8323666,+39 040 8324728,info@nuovavillairis.com,non convenzionata,Residenza polifunzionale,"Residenza polifunzionale, privata di mercato, non convenzionata con SSR; ASS1 - Triestina, distretto 1.3 Est",nursing_home,senior,25,,,25
ASS4 - Medio Friuli,4.2 Tarcento,34,Opera Pia Coianiz ASP,pubblica ASP,Opera Pia Coianiz ASP,via Pietro Coianiz,8,33017,Tarcento ,13.2195397,46.2191154,house,UD,+39 0432 780711,+39 0432 780715,segreteria@operapiacoianiz.it,convenzionata,Residenza ad utenza diversificata,"Residenza ad utenza diversificata, pubblica ASP, convenzionata con SSR; ASS4 - Medio Friuli, distretto 4.2 Tarcento",nursing_home,senior;disabled,210,55,155,
ASS1 - Triestina,1.3 Est,35,Pensione Brioni,privata di mercato,,Lazzaretto,4,34015,Muggia,13.7241184,45.6005715,house,TS,+39 040 271730,+39 040 271730,pensionebrioni@libero.it,non convenzionata,Residenza polifunzionale,"Residenza polifunzionale, privata di mercato, non convenzionata con SSR; ASS1 - Triestina, distretto 1.3 Est",nursing_home,senior,39,,,39
ASS1 - Triestina,1.4 Nord,36,Suore Scolastiche Francescane di Cristo Re,privata sociale,,Via delle docce,34,34128,Trieste,13.8086902,45.6581211,house,TS,+39 040 567851,+39 040 567851,suore.scolastiche.ts@ssfcr.org,non convenzionata,Casa albergo,"Casa albergo, privata sociale, non convenzionata con SSR; ASS1 - Triestina, distretto 1.4 Nord",assisted_living,senior,18,18,,
ASS1 - Triestina,1.1 Ovest,37,Villa del Sole,privata di mercato,,Via di Repen,151,34016,Monrupino ,13.7873048,45.7209239,osmica,TS,+39 040 327349,+39 040 327349,l.cicia@alice.it,non convenzionata,Residenza polifunzionale,"Residenza polifunzionale, privata di mercato, non convenzionata con SSR; ASS1 - Triestina, distretto 1.1 Ovest",nursing_home,senior,25,,,25
ASS1 - Triestina,1.1 Ovest,38,Villa Verde,privata di mercato,,aurisina Santa Croce,12,34011,Duino Aurisina ,13.6926847,45.7365586,social_facility,TS,+39 040 220813,+39 040 220608,villaverdetrieste@me.com,convenzionata,Residenza polifunzionale con modulo fascia A,"Residenza polifunzionale con modulo fascia A, privata di mercato, convenzionata con SSR; ASS1 - Triestina, distretto 1.1 Ovest",nursing_home,,44,,,44
ASS5 - Bassa Friulana,5.1 Est,39,ASP Ardito Desio,pubblica ASP,ASP Ardito Desio,Piazza Giuseppe Garibaldi,7,33057,Palmanova ,13.3076488,45.9040804,house,UD,+39 0432 929372,+39 0432 924690,cinzia@asparditodesio1.191.it,convenzionata,Residenza ad utenza diversificata,"Residenza ad utenza diversificata, pubblica ASP, convenzionata con SSR; ASS5 - Bassa Friulana, distretto 5.1 Est",nursing_home,senior;disabled,117,23,94,
ASS4 - Medio Friuli,4.3 Cividale,40,ASP Casa di riposo Giuseppe Sirch,pubblica ASP,ASP Casa di riposo Giuseppe Sirch,VIA DEL KLANCIC,2,33049,San Pietro al Natisone ,13.4880472,46.1291854,house,UD,+39 0432 727013,+39 0432 727013,aspsirch@legalmail.it,convenzionata,Residenza ad utenza diversificata,"Residenza ad utenza diversificata, pubblica ASP, convenzionata con SSR; ASS4 - Medio Friuli, distretto 4.3 Cividale",nursing_home,senior;disabled,60,2,58,
ASS6 - Friuli occidentale,6.3 Sud,41,ASP Casa Lucia,pubblica ASP,ASP Casa Lucia,Via Roma,54,33087,Pasiano di Pordenone ,12.6248228,45.8485369,house,PN,+39 0434 614001,+39 0434 614009,aspcasalucia@pec.it,convenzionata,Residenza protetta,"Residenza protetta, pubblica ASP, convenzionata con SSR; ASS6 - Friuli occidentale, distretto 6.3 Sud",nursing_home,disabled,60,,60,
ASS4 - Medio Friuli,4.3 Cividale,42,ASP Casa per anziani Cividale,pubblica ASP,ASP Casa per anziani Cividale,Viale Trieste,42,33043,Cividale del Friuli ,13.4353029,46.0867941,house,UD,+39 0432 731048,+39 0432 700863,protocollo@aspcividale.it,convenzionata,Residenza ad utenza diversificata,"Residenza ad utenza diversificata, pubblica ASP, convenzionata con SSR; ASS4 - Medio Friuli, distretto 4.3 Cividale",nursing_home,senior;disabled,251,65,186,
ASS4 - Medio Friuli,4.4 Codroipo,43,ASP Daniele Moro Codroipo,pubblica ASP,ASP Daniele Moro Codroipo,Viale Francesco Duodo,80,33033,Codroipo ,12.994138280128503,45.962136799999996,social_facility,UD,+39 0432 909311,+39 0432 909306,info@aspmoro.it,convenzionata,Residenza ad utenza diversificata,"Residenza ad utenza diversificata, pubblica ASP, convenzionata con SSR; ASS4 - Medio Friuli, distretto 4.4 Codroipo",nursing_home,senior;disabled,129,6,123,
ASS6 - Friuli occidentale,6.2 Est,44,ASP Daniele Moro Morsano,pubblica ASP,ASP Daniele Moro Morsano,Via Roma,27,33075,Morsano al Tagliamento ,12.9262276,45.8620906,house,PN,+39 0434 697046,+39 0434 696057,info@entemoro.it,convenzionata,Residenza protetta,"Residenza protetta, pubblica ASP, convenzionata con SSR; ASS6 - Friuli occidentale, distretto 6.2 Est",nursing_home,disabled,113,,113,
ASS4 - Medio Friuli,4.5 Udine,45,ASP Fondazione Emilia Muner De Giudici,pubblica ASP,ASP Fondazione Emilia Muner De Giudici,Via della Libertà,19,33040,Pradamano ,13.3008844,46.0154318,house,UD,+39 0432 409311,+39 0432 670016,info@fondazionemuner.it,convenzionata,Residenza ad utenza diversificata,"Residenza ad utenza diversificata, pubblica ASP, convenzionata con SSR; ASS4 - Medio Friuli, distretto 4.5 Udine",nursing_home,senior;disabled,81,5,76,
ASS5 - Bassa Friulana,5.2 Ovest,46,ASP Giovanni Chiabà,pubblica ASP,ASP Giovanni Chiabà,Via achille Cristofoli,18,33058,San Giorgio di Nogaro ,13.2016575,45.8349524,house,UD,+39 0431 65032,+39 0431 65085,ragioneria@gchiaba.191.it,convenzionata,Residenza ad utenza diversificata,"Residenza ad utenza diversificata, pubblica ASP, convenzionata con SSR; ASS5 - Bassa Friulana, distretto 5.2 Ovest",nursing_home,senior;disabled,152,13,139,
ASS6 - Friuli occidentale,6.3 Sud,47,ASP Solidarietà Mons. D. Cadore,pubblica ASP,ASP Solidarietà Mons. D. Cadore,Viale Venticinque Aprile,42,33082,Azzano Decimo ,12.7107214,45.8807052,house,PN,+39 0434 640074,+39 0434 640941,azzano@casaripososolidarieta.191.it,convenzionata,Residenza protetta,"Residenza protetta, pubblica ASP, convenzionata con SSR; ASS6 - Friuli occidentale, distretto 6.3 Sud",nursing_home,disabled,84,,84,
ASS5 - Bassa Friulana,5.2 Ovest,48,ASP Umberto I Latisana,pubblica ASP,ASP Umberto I Latisana,Via Sabbionera,103,33053,Latisana ,13.0026488,45.7678127,house,UD,+39 0431 50202,+39 0431 512480,amministrazione@umberto-primo.it,convenzionata,Residenza ad utenza diversificata,"Residenza ad utenza diversificata, pubblica ASP, convenzionata con SSR; ASS5 - Bassa Friulana, distretto 5.2 Ovest",nursing_home,senior;disabled,56,6,50,
ASS3 - Alto Friuli,3.2 Carnia,49,ASP Casa Degli Operai Vecchi Ed Inabili Al Lavoro Matteo Brunetti,pubblica ASP,ASP Casa Degli Operai Vecchi Ed Inabili Al Lavoro Matteo Brunetti,VIA NAZIONALE,31,33026,Paluzza ,13.0143371,46.5296598,house,UD,+39 0433 775121,+39 0433 775012,info@covilpaluzza.it,convenzionata,Residenza ad utenza diversificata,"Residenza ad utenza diversificata, pubblica ASP, convenzionata con SSR; ASS3 - Alto Friuli, distretto 3.2 Carnia",nursing_home,senior;disabled,130,33,97,
ASS6 - Friuli occidentale,6.5 Urbano,50,ASP Casa per anziani Umberto I,pubblica ASP,ASP Casa per anziani Umberto I,PIAZZA DELLA MOTTA,12,33170,Pordenone,12.662085759597229,45.95576375,social_facility,PN,+39 0434 223811,+39 0434 223822,direzione@asp-umbertoprimo.regione.fvg.it,convenzionata,Residenza protetta,"Residenza protetta, pubblica ASP, convenzionata con SSR; ASS6 - Friuli occidentale, distretto 6.5 Urbano",nursing_home,disabled,106,,106,
ASS6 - Friuli occidentale,6.4 Nord,51,ASP Cavasso,pubblica ASP,ASP Cavasso,Via Vittorio Veneto,91,33092,Cavasso Nuovo ,12.7637662,46.1892623,house,PN,+39 0427 77248,+39 0427 77248,accettazione@aspcavasso.it,convenzionata,Residenza ad utenza diversificata,"Residenza ad utenza diversificata, pubblica ASP, convenzionata con SSR; ASS6 - Friuli occidentale, distretto 6.4 Nord",nursing_home,senior;disabled,91,3,88,
ASS6 - Friuli occidentale,6.5 Urbano,52,ASP Cordenonese Arcobaleno,pubblica ASP,ASP Cordenonese Arcobaleno,Via Cervel,68,33084,Cordenons ,12.70308527482656,45.9904162,social_facility,PN,+39 0434 930440,+39 0434 580334,protocollo@aspcordenonese.it,convenzionata,Residenza ad utenza diversificata,"Residenza ad utenza diversificata, pubblica ASP, convenzionata con SSR; ASS6 - Friuli occidentale, distretto 6.5 Urbano",nursing_home,senior;disabled,113,1,112,
ASS3 - Alto Friuli,3.2 Carnia,53,ASP della Carnia San Luigi Scrosoppi,pubblica ASP,ASP della Carnia San Luigi Scrosoppi,Via gio batta Morgagni,5,33028,Tolmezzo ,13.01003,46.4056874,social_facility,UD,+39 0433 481611,+39 0433 44422,info@aspcarnia.it,convenzionata,Residenza ad utenza diversificata,"Residenza ad utenza diversificata, pubblica ASP, convenzionata con SSR; ASS3 - Alto Friuli, distretto 3.2 Carnia",nursing_home,senior;disabled,166,16,150,
ASS6 - Friuli occidentale,6.4 Nord,54,ASP di Spilimbergo,pubblica ASP,ASP di Spilimbergo,Viale Barbacane,19,33097,Spilimbergo ,12.900439,46.1127589,house,PN,+39 0427 2134,+39 0427 41268,azienda@aspspilimbergo.it,convenzionata,Residenza protetta,"Residenza protetta, pubblica ASP, convenzionata con SSR; ASS6 - Friuli occidentale, distretto 6.4 Nord",nursing_home,disabled,204,,204,
ASS1 - Triestina,1.2 Sud,55,Casa albergo Domus Mariae dell'Ente di culto San Giusto,privata sociale,,Via della Madonna del Mare,5,34149,Trieste,13.7666584,45.6472796,house,TS,+39 040 300771,+39 040 300772,domusmariae@alice.it,non convenzionata,Casa albergo,"Casa albergo, privata sociale, non convenzionata con SSR; ASS1 - Triestina, distretto 1.2 Sud",assisted_living,senior,45,45,,
ASS1 - Triestina,1.2 Sud,56,Casa albergo Enrico Caratti,pubblica ASP,Casa albergo Enrico Caratti,Via Valdirivo,11,34132,Trieste,13.772436,45.6536279,house,TS,+39 040 365110,+39 040 3405449,info@prosenectutets.it,non convenzionata,Casa albergo,"Casa albergo, pubblica ASP, non convenzionata con SSR; ASS1 - Triestina, distretto 1.2 Sud",assisted_living,senior,10,10,,
ASS1 - Triestina,1.2 Sud,57,Casa albergo Maria Basiliadis dell'Ente di culto San Giusto,privata sociale,,Via Pierluigi da Palestrina,6,34133,Trieste,13.7791359,45.6529323,house,TS,+39 040 371363,+39 040 371363,elena@casamariabasiliadis.191.it,non convenzionata,Casa albergo,"Casa albergo, privata sociale, non convenzionata con SSR; ASS1 - Triestina, distretto 1.2 Sud",assisted_living,senior,35,35,,
ASS1 - Triestina,1.1 Ovest,58,Casa albergo Sacro Cuore,ente religioso,,Via del Cerreto,2,34136,Trieste,13.7566921,45.6788013,kindergarten,TS,+39 040 410096,+39 040 422636,orsoline.trieste@tiscali.it,non convenzionata,Casa albergo,"Casa albergo, ente religioso, non convenzionata con SSR; ASS1 - Triestina, distretto 1.1 Ovest",assisted_living,senior,13,13,,
ASS5 - Bassa Friulana,5.2 Ovest,59,Casa albergo Comune di Rivignano,pubblica comunale,Comune di Rivignano ,Via Udine,5,33050,Rivignano ,13.0410646,45.878305,house,UD,+39 0432 775793,+39 0432 775793,,convenzionata,Casa albergo,"Casa albergo, pubblica comunale, convenzionata con SSR; ASS5 - Bassa Friulana, distretto 5.2 Ovest",assisted_living,senior,22,22,,
ASS2 - Isontina,2.1 Alto Isontino,60,Casa albergo Fondazione O. Brovedani Onlus,privata sociale,,Via michele Eulambio,3,34072,Gradisca D'Isonzo ,13.4955572,45.8951622,house,GO,+39 0481 967511,+39 0481 960591,segr@fondazionebrovedani.it,non convenzionata,Casa albergo,"Casa albergo, privata sociale, non convenzionata con SSR; ASS2 - Isontina, distretto 2.1 Alto Isontino",assisted_living,senior,98,98,,
ASS6 - Friuli occidentale,6.4 Nord,61,Casa albergo per anziani Cimolais,privata sociale,,Via Diciannove Ottobre,43,33080,Cimolais ,12.437602,46.29045,house,PN,+39 0427 87035,+39 0427 87035,l.protti@itaca.coopsoc.it,non convenzionata,Casa albergo,"Casa albergo, privata sociale, non convenzionata con SSR; ASS6 - Friuli occidentale, distretto 6.4 Nord",assisted_living,senior,32,32,,
ASS6 - Friuli occidentale,6.5 Urbano,62,Casa anziani San Quirino,pubblica comunale,Comune di San Quirino ,VIA PIAZZETTA,4,33080,San Quirino ,12.6789207,46.0363531,house,PN,+39 0434 91250,+39 0434 917682,casaanzianisq2005@libero.it,convenzionata,Residenza protetta,"Residenza protetta, pubblica comunale, convenzionata con SSR; ASS6 - Friuli occidentale, distretto 6.5 Urbano",nursing_home,disabled,44,,44,
ASS6 - Friuli occidentale,6.5 Urbano,63,Casa Betania Opera sacerdozio regale,privata sociale,,Via Villanova,14,33170,Pordenone,12.6664562,45.9453933,house,PN,+39 0434 570019 - 0434 960019,+39 0434 572664,,non convenzionata,Casa albergo,"Casa albergo, privata sociale, non convenzionata con SSR; ASS6 - Friuli occidentale, distretto 6.5 Urbano",assisted_living,senior,27,27,,
ASS6 - Friuli occidentale,6.4 Nord,64,Casa dell'Emigrante Cesare e Agnese Carnera,pubblica comunale,Comune di Sequals ,Via Gian domenico Facchina,82,33090,Sequals ,12.836733709586728,46.1724812,social_facility,PN,+39 0427 93231 - 0427 93263,+39 0427 939176,casa.emigrante@com-sequals.regione.fvg.it,convenzionata,Residenza ad utenza diversificata,"Residenza ad utenza diversificata, pubblica comunale, convenzionata con SSR; ASS6 - Friuli occidentale, distretto 6.4 Nord",nursing_home,senior;disabled,93,10,83,
ASS4 - Medio Friuli,4.5 Udine,65,Casa di accoglienza del clero,privata sociale,,Via Giuseppe Ellero,3,33100,Udine,13.2428824,46.0624461,house,UD,+39 0432 511185,+39 0432 502833,fraternitaudine@libero.it,non convenzionata,Residenza ad utenza diversificata,"Residenza ad utenza diversificata, privata sociale, non convenzionata con SSR; ASS4 - Medio Friuli, distretto 4.5 Udine",nursing_home,senior;disabled,57,35,22,
ASS1 - Triestina,1.2 Sud,66,Casa di riposo Cristal,privata di mercato,,Via cesare Battisti,26,34137,Trieste ,13.7818204,45.6535159,house,TS,+39 040 633545,,cristal_TS@hotmail.it,non convenzionata,Residenza polifunzionale,"Residenza polifunzionale, privata di mercato, non convenzionata con SSR; ASS1 - Triestina, distretto 1.2 Sud",nursing_home,senior,16,,,16
ASS1 - Triestina,1.1 Ovest,67,Casa di riposo F.lli Stuparich,pubblica comunale,Comune di Duino Aurisina / Devin - Nabrežina,sistiana,132,34011,Duino Aurisina / Devin - Nabrežina,13.64157572384536,45.766964599999994,social_facility,TS,+39 040 299195,+39 040 2916043,guglia@comune.duino-aurisina.ts.it,convenzionata,Residenza protetta,"Residenza protetta, pubblica comunale, convenzionata con SSR; ASS1 - Triestina, distretto 1.1 Ovest",nursing_home,disabled,81,,81,
ASS6 - Friuli occidentale,6.4 Nord,68,Casa di riposo Fondazione G. Fabricio,privata sociale,,Via Villa Dote,17,33090,Clauzetto ,12.9181902,46.2292351,house,PN,+39 0427 80205,+39 0427 80205,parr.clauzetto@diocesiconcordiapordenone.it,convenzionata,Residenza ad utenza diversificata,"Residenza ad utenza diversificata, privata sociale, convenzionata con SSR; ASS6 - Friuli occidentale, distretto 6.4 Nord",nursing_home,senior;disabled,25,11,14,
ASS2 - Isontina,2.1 Alto Isontino,69,Casa di riposo La Cjase,pubblica comunale,Comune di Cormons ,VIALE VENEZIA GIULIA,74,34071,Cormons ,13.4620777,45.9601496,house,GO,+39 0481 60485,,assistente.sociale@com-cormons.regione.fvg.it,convenzionata,Residenza ad utenza diversificata,"Residenza ad utenza diversificata, pubblica comunale, convenzionata con SSR; ASS2 - Isontina, distretto 2.1 Alto Isontino",nursing_home,senior;disabled,49,5,44,
ASS1 - Triestina,1.1 Ovest,70,Casa di riposo Livia Ieralla Onlus,privata sociale,,Padriciano,199,34149,Trieste,13.842317271566401,45.65885385,social_facility,TS,+39 040 226260,+39 040 226849,patrizia.piras@casaieralla.it,convenzionata,Residenza protetta,"Residenza protetta, privata sociale, convenzionata con SSR; ASS1 - Triestina, distretto 1.1 Ovest",nursing_home,disabled,112,,112,
ASS1 - Triestina,1.2 Sud,71,Casa di riposo Napoleone,privata di mercato,,Via Pozzo del Mare,1,34100,Trieste ,13.7672511,45.6493642,pub,TS,+39 040 304986,+39 040 301943,casanapoleone@gmail.com,non convenzionata,Residenza polifunzionale,"Residenza polifunzionale, privata di mercato, non convenzionata con SSR; ASS1 - Triestina, distretto 1.2 Sud",nursing_home,senior,21,,,21
ASS4 - Medio Friuli,4.2 Tarcento,72,Casa di riposo Nobili dè Pilosio,pubblica comunale,Comune di Tricesimo ,Via San Francesco,98,33019,Tricesimo ,13.2043385,46.16149,house,UD,+39 0432 851115,+39 0432 854970,casadiriposo@com-tricesimo.regione.fvg.it,convenzionata,Residenza ad utenza diversificata,"Residenza ad utenza diversificata, pubblica comunale, convenzionata con SSR; ASS4 - Medio Friuli, distretto 4.2 Tarcento",nursing_home,senior;disabled,99,54,45,
ASS1 - Triestina,1.4 Nord,73,Casa di riposo S. Domenico - Ente di culto S. Giusto,ente religioso,,Strada di Guardiella,13,34128,Trieste,13.8030156,45.6540615,house,TS,+39 040 568611,+39 040 568611,cdrsandomenico@alice.it,convenzionata,Residenza protetta,"Residenza protetta, ente religioso, convenzionata con SSR; ASS1 - Triestina, distretto 1.4 Nord",nursing_home,disabled,48,,48,
ASS2 - Isontina,2.1 Alto Isontino,74,Casa di riposo S. Vincenzo De Paoli,ente religioso,,Via della Bona,15,34170,Gorizia,13.6226751,45.9371551,house,GO,+39 0481 531546,+39 0481 537997,sviluppoprogetti1@gmail.com,non convenzionata,Casa albergo,"Casa albergo, ente religioso, non convenzionata con SSR; ASS2 - Isontina, distretto 2.1 Alto Isontino",assisted_living,senior,68,68,,
ASS3 - Alto Friuli,3.1 Gemonese,75,Casa di riposo Santa Maria degli Angeli,ente religioso,,LARGO padre gregorio FIORAVANTI,9,33013,Gemona del Friuli ,13.1367061,46.2792212,house,UD,+39 0432 898711 - 347 4291472,+39 0432 898726,economagem@libero.it,non convenzionata,Residenza ad utenza diversificata,"Residenza ad utenza diversificata, ente religioso, non convenzionata con SSR; ASS3 - Alto Friuli, distretto 3.1 Gemonese",nursing_home,senior;disabled,80,40,40,
ASS2 - Isontina,2.2 Basso Isontino,76,Casa di riposo Serena,pubblica comunale,Comune di Grado ,Viale Papa Giovanni Ventitreesimo,40,34073,Grado ,13.3926741,45.6800429,house,GO,+39 0431 896411,+39 0431 85112,casariposo.serena@comunegrado.it,convenzionata,Residenza protetta,"Residenza protetta, pubblica comunale, convenzionata con SSR; ASS2 - Isontina, distretto 2.2 Basso Isontino",nursing_home,disabled,115,,115,
ASS5 - Bassa Friulana,5.1 Est,77,Casa di riposo V. Sarcinelli,pubblica comunale,Comune di Cervignano del Friuli ,VIA MERCATO,12,33052,Cervignano del Friuli ,13.3318256,45.8206044,house,UD,+39 0431 388530,+39 0431 388603,casa.riposo@com-cervignano-del-friuli.regione.fvg.it,convenzionata,Residenza ad utenza diversificata,"Residenza ad utenza diversificata, pubblica comunale, convenzionata con SSR; ASS5 - Bassa Friulana, distretto 5.1 Est",nursing_home,senior;disabled,87,28,59,
ASS2 - Isontina,2.1 Alto Isontino,78,Casa di riposo “Rosa Mistica”,ente religioso,,Largo S.Luigi Scrosoppi,2,34071,Cormons ,13.471685,45.9577792,house,GO,+39 0481 60157 - 0481 61881,+39 0481 61571,casadiriposo@rosamistica.191.it,non convenzionata,Residenza ad utenza diversificata,"Residenza ad utenza diversificata, ente religioso, non convenzionata con SSR; ASS2 - Isontina, distretto 2.1 Alto Isontino",nursing_home,senior;disabled,106,26,80,
ASS2 - Isontina,2.1 Alto Isontino,79,Casa di riposo ad utenza diversificata San Salvatore,pubblica comunale,Comune di Gradisca D'Isonzo ,Via della Campagnola,13,34072,Gradisca D'Isonzo ,13.5021411,45.8903568,house,GO,+39 0481 92644,+39 0481 954749,CasaRiposo@com-gradisca-d-isonzo.regione.fvg.it,convenzionata,Residenza ad utenza diversificata,"Residenza ad utenza diversificata, pubblica comunale, convenzionata con SSR; ASS2 - Isontina, distretto 2.1 Alto Isontino",nursing_home,senior;disabled,32,21,11,
ASS4 - Medio Friuli,4.1 S.Daniele,80,Casa di riposo Buja,pubblica comunale,Comune di Buja ,Via Ursinins Piccolo,2/23,33030,Buja ,13.119066726092559,46.2068791,social_facility,UD,+39 0432 960192,+39 0432 960192,,convenzionata,Residenza ad utenza diversificata,"Residenza ad utenza diversificata, pubblica comunale, convenzionata con SSR; ASS4 - Medio Friuli, distretto 4.1 S.Daniele",nursing_home,senior;disabled,27,15,12,
ASS1 - Triestina,1.3 Est,81,Casa di riposo comunale,pubblica comunale,Comune di Muggia ,Salita Ubaldini,5,34015,Muggia ,13.7657949,45.6024042,house,TS,+39 040 3360350,+39 040 272039,jasna.petaros@comunedimuggia.ts.it,convenzionata,Residenza ad utenza diversificata,"Residenza ad utenza diversificata, pubblica comunale, convenzionata con SSR; ASS1 - Triestina, distretto 1.3 Est",nursing_home,senior;disabled,72,10,62,
ASS2 - Isontina,2.1 Alto Isontino,82,Casa di riposo comunale Angelo Culot,pubblica comunale,Comune di Gorizia,VIA BRIGATA RE,31,34170,Gorizia,13.5805012,45.9362294,house,GO,+39 0481 390701,+39 0481 392329,graziella.coni@comune.gorizia.it,convenzionata,Residenza ad utenza diversificata,"Residenza ad utenza diversificata, pubblica comunale, convenzionata con SSR; ASS2 - Isontina, distretto 2.1 Alto Isontino",nursing_home,senior;disabled,127,95,32,
ASS6 - Friuli occidentale,6.2 Est,83,"Casa di riposo della Parrocchia dei Santi Vito, Modesto e Crescenzia Martiri",privata sociale,,via SAVORGNANO,47,33078,San Vito al Tagliamento ,12.8568894,45.9098461,house,PN,+39 0434 842511,+39 0434 842599,posta@casadiriposo.org,convenzionata,Residenza protetta,"Residenza protetta, privata sociale, convenzionata con SSR; ASS6 - Friuli occidentale, distretto 6.2 Est",nursing_home,disabled,264,,264,
ASS6 - Friuli occidentale,6.1 Ovest,84,Casa di riposo di Sacile,pubblica comunale,Comune di Sacile ,Via Ettoreo,4,33077,Sacile ,12.499257066804603,45.956657899999996,hospital,PN,+39 0434 736489,+39 0434 736405,casa_rip@libero.it,convenzionata,Residenza protetta,"Residenza protetta, pubblica comunale, convenzionata con SSR; ASS6 - Friuli occidentale, distretto 6.1 Ovest",nursing_home,disabled,86,,86,
ASS5 - Bassa Friulana,5.1 Est,85,Casa di riposo per anziani del Comune di Aiello del Friuli,pubblica comunale,Comune di Aiello del Friuli ,VIA francesco PETRARCA,30,33041,Aiello del Friuli ,13.360206,45.868788,house,UD,+39 0431 99081,+39 0431 974596,casadiriposo@comune.aiellodelfriuli.ud.it,convenzionata,Residenza protetta,"Residenza protetta, pubblica comunale, convenzionata con SSR; ASS5 - Bassa Friulana, distretto 5.1 Est",nursing_home,disabled,60,,60,
ASS2 - Isontina,2.1 Alto Isontino,86,Casa di riposo Residenza protetta Villa S. Giusto,ente religioso,,CORSO ITALIA,244,34170,Gorizia,13.6089506,45.9352709,house,GO,+39 0481 596911,+39 0481 596988,s.giusto.accettazione@fatebenefratelli.it,convenzionata,Residenza protetta,"Residenza protetta, ente religioso, convenzionata con SSR; ASS2 - Isontina, distretto 2.1 Alto Isontino",nursing_home,disabled,200,,200,
ASS6 - Friuli occidentale,6.4 Nord,87,Comunità alloggio per anziani Andreis,pubblica comunale,Comune di Andreis ,Via Cesare Battisti,75,33080,Andreis ,12.6171267,46.2013591,house,PN,+39 0427 76290,+39 0427 76290,,non convenzionata,Comunità alloggio,"Comunità alloggio, pubblica comunale, non convenzionata con SSR; ASS6 - Friuli occidentale, distretto 6.4 Nord",group_home,,13,13,,
ASS6 - Friuli occidentale,6.1 Ovest,88,Casa di soggiorno per anziani Aviano,pubblica comunale,Comune di Aviano ,Via Aldo Moro,13,33081,Aviano ,12.578086154726027,46.07192045,social_facility,PN,+39 0434 652367,+39 0434 651312,casa.riposo@com-aviano.regione.fvg.it,convenzionata,Residenza protetta,"Residenza protetta, pubblica comunale, convenzionata con SSR; ASS6 - Friuli occidentale, distretto 6.1 Ovest",nursing_home,disabled,95,,95,
ASS3 - Alto Friuli,3.1 Gemonese,89,Casa di soggiorno per anziani Gemona,pubblica comunale,Comune di Gemona del Friuli ,Via Croce del Papa,31,33013,Gemona del Friuli ,13.1345894,46.2843523,house,UD,+39 0432 980465 - 0432 972810,+39 0432 980465,assistenza@com-gemona-del-friuli.regione.fvg.it,convenzionata,Residenza protetta,"Residenza protetta, pubblica comunale, convenzionata con SSR; ASS3 - Alto Friuli, distretto 3.1 Gemonese",nursing_home,disabled,68,,68,
ASS4 - Medio Friuli,4.2 Tarcento,90,Casa famiglia regionale per anziani non vedenti Villa Masieri,privata sociale,,Via Luseriacco,8,33019,Tricesimo ,13.2059729,46.1509072,house,UD,+39 0432 853569,+39 0432 853569,masieri@uiciechi.it,non convenzionata,Casa albergo,"Casa albergo, privata sociale, non convenzionata con SSR; ASS4 - Medio Friuli, distretto 4.2 Tarcento",assisted_living,senior,45,45,,
ASS6 - Friuli occidentale,6.5 Urbano,91,Casa Serena - Pordenone,pubblica comunale,Comune di Pordenone,Via Revedole,88,33170,Pordenone,12.6788919,45.9623472,doctors,PN,+39 0434 41221,+39 0434 541259,giovanni.diprima@comune.pordenone.it,convenzionata,Residenza protetta,"Residenza protetta, pubblica comunale, convenzionata con SSR; ASS6 - Friuli occidentale, distretto 6.5 Urbano",nursing_home,disabled,243,,243,
ASS3 - Alto Friuli,3.1 Gemonese,92,Centro anziani E. Tolazzi,pubblica comunale,Comune di Moggio Udinese ,Via Giorgio Ermolli,28,33015,Moggio Udinese ,13.1953813,46.4052299,house,UD,+39 0433 51999,+39 0433 550619,centro.anziani@com-moggio-udinese.regione.fvg.it,convenzionata,Residenza protetta,"Residenza protetta, pubblica comunale, convenzionata con SSR; ASS3 - Alto Friuli, distretto 3.1 Gemonese",nursing_home,disabled,71,,71,
ASS6 - Friuli occidentale,6.4 Nord,93,Centro assistenza anziani Maniago,pubblica comunale,Comune di Maniago ,Via San Mauro,5,33085,Maniago ,12.7118304,46.1718038,house,PN,+39 0427 707400,+39 0427 732349,casa.anziani@maniago.it,convenzionata,Residenza ad utenza diversificata,"Residenza ad utenza diversificata, pubblica comunale, convenzionata con SSR; ASS6 - Friuli occidentale, distretto 6.4 Nord",nursing_home,senior;disabled,86,20,66,
ASS3 - Alto Friuli,3.1 Gemonese,94,Pio Istituto Elemosiniere - A. del Colle,pubblica ASP,Pio Istituto Elemosiniere - A. del Colle,Via San Giovanni,8,33010,Venzone ,13.138051,46.3340167,house,UD,+39 0432 985159,+39 0432 985159,segreteria@aspvenzone.it,convenzionata,Casa albergo,"Casa albergo, pubblica ASP, convenzionata con SSR; ASS3 - Alto Friuli, distretto 3.1 Gemonese",assisted_living,senior,34,34,,
ASS4 - Medio Friuli,4.4 Codroipo,95,Centro assistenziale Italia Rovere Bianchi - Mortegliano (UD),pubblica comunale,Comune di Mortegliano ,Vicinale Gonars,11,33050,Mortegliano ,13.178982952624489,45.943149250000005,social_facility,UD,+39 0432 762094,+39 0432 762095,centro.bianchi@com-mortegliano.regione.fvg.it,convenzionata,Residenza ad utenza diversificata,"Residenza ad utenza diversificata, pubblica comunale, convenzionata con SSR; ASS4 - Medio Friuli, distretto 4.4 Codroipo",nursing_home,senior;disabled,90,32,58,
ASS2 - Isontina,2.2 Basso Isontino,96,Centro demenze Alzheimer  Argo,pubblica tra comuni associati,Comune di San Canzian D'Isonzo ,Via Trieste,71,34075,San Canzian D'Isonzo ,13.46894,45.7981612,house,GO,+39 0481 76409,+39 0481 76409,info@casanzianironchi.191.it,convenzionata,Residenza protetta,"Residenza protetta, pubblica tra comuni associati, convenzionata con SSR; ASS2 - Isontina, distretto 2.2 Basso Isontino",nursing_home,disabled,13,,13,
ASS4 - Medio Friuli,4.1 S.Daniele,97,Centro residenziale per anziani M. Stango Rodino,pubblica comunale,Comune di Majano ,Viale Franco Bertagnolli,1,33030,Majano ,13.069465660389582,46.182416450000005,social_facility,UD,+39 0432 948466,+39 0432 848592,centroanziani@com-majano.regione.fvg.it,non convenzionata,Casa albergo,"Casa albergo, pubblica comunale, non convenzionata con SSR; ASS4 - Medio Friuli, distretto 4.1 S.Daniele",assisted_living,senior,99,99,,
ASS3 - Alto Friuli,3.2 Carnia,98,Centro residenziale per anziani Paularo,privata sociale,,Via della Pineta,2,33027,Paularo ,13.1220904,46.5262258,house,UD,+39 0433 711193,+39 0433 711193,,convenzionata,Casa albergo,"Casa albergo, privata sociale, convenzionata con SSR; ASS3 - Alto Friuli, distretto 3.2 Carnia",assisted_living,senior;disabled,25,5,20,
ASS6 - Friuli occidentale,6.5 Urbano,99,Centro sociale per anziani - Torre di Pordenone,pubblica comunale,Comune di Pordenone,Via Piave,54,33170,Pordenone,12.6783863,45.9702989,house,PN,+39 0434 41221,+39 0434 541259,giovanni.diprima@comune.pordenone.it,non convenzionata,Casa albergo,"Casa albergo, pubblica comunale, non convenzionata con SSR; ASS6 - Friuli occidentale, distretto 6.5 Urbano",assisted_living,senior,30,30,,
ASS3 - Alto Friuli,3.1 Gemonese,100,Centro sociale per anziani Osoppo,privata sociale,,Via Brigata Rosselli,7,33010,Osoppo ,13.084999448948171,46.2556042,social_facility,UD,+39 0432 975183,+39 0432 974498,centroanzianiosoppo@alice.it,convenzionata,Casa albergo,"Casa albergo, privata sociale, convenzionata con SSR; ASS3 - Alto Friuli, distretto 3.1 Gemonese",assisted_living,senior,82,82,,
ASS4 - Medio Friuli,4.1 S.Daniele,101,Centro sociale residenziale per anziani San Daniele,pubblica comunale,Comune di San Daniele del Friuli ,Via generale Luigi Cadorna,50,33038,San Daniele del Friuli ,13.0094773,46.149034,house,UD,+39 0432 955618,+39 0432 942770,centro.anziani@san-daniele.it,non convenzionata,Casa albergo,"Casa albergo, pubblica comunale, non convenzionata con SSR; ASS4 - Medio Friuli, distretto 4.1 S.Daniele",assisted_living,senior,99,99,,
ASS6 - Friuli occidentale,6.5 Urbano,102,Comunità alloggio Casa Colvera,privata sociale,,Via Colvera,1,33170,Pordenone,12.6543558,45.972563,house,PN,+39 0434 550073,+39 0434 550073,,non convenzionata,Comunità alloggio,"Comunità alloggio, privata sociale, non convenzionata con SSR; ASS6 - Friuli occidentale, distretto 6.5 Urbano",group_home,,14,14,,
ASS6 - Friuli occidentale,6.4 Nord,103,Comunità alloggio Il Pellegrin,pubblica comunale,Comune di Montereale Valcellina ,Via cesare Battisti,1,33086,Montereale Valcellina ,12.6827229,46.0967167,house,PN,+39 0427 75300,+39 0427 75300,casailpellegrin@gmail.com,non convenzionata,Comunità alloggio,"Comunità alloggio, pubblica comunale, non convenzionata con SSR; ASS6 - Friuli occidentale, distretto 6.4 Nord",group_home,,17,17,,
ASS4 - Medio Friuli,4.2 Tarcento,104,Comunità alloggio anziani - Pradielis 11,privata sociale,,Pradielis,11,33010,Lusevera ,13.26041,46.279,school,UD,+39 0432 787055,+39 0432 787353,comanziani@gmail.com,non convenzionata,Comunità alloggio,"Comunità alloggio, privata sociale, non convenzionata con SSR; ASS4 - Medio Friuli, distretto 4.2 Tarcento",group_home,,13,13,,
ASS4 - Medio Friuli,4.2 Tarcento,105,Comunità alloggio anziani - Villanova 110,privata sociale,,Villanova,110,33010,Lusevera ,13.273239,46.252653,school,UD,+39 0432 787069,+39 0432 787353,comanziani@gmail.com,non convenzionata,Comunità alloggio,"Comunità alloggio, privata sociale, non convenzionata con SSR; ASS4 - Medio Friuli, distretto 4.2 Tarcento",group_home,,13,13,,
ASS4 - Medio Friuli,4.2 Tarcento,106,Comunità alloggio Attimis,privata sociale,,Piazza Aldo Moro,1a,33040,Attimis ,13.3047944,46.1883144,house,UD,+39 0432 789593,+39 0432 789593,campeglio@universiis.it,non convenzionata,Comunità alloggio,"Comunità alloggio, privata sociale, non convenzionata con SSR; ASS4 - Medio Friuli, distretto 4.2 Tarcento",group_home,,10,10,,
ASS4 - Medio Friuli,4.2 Tarcento,107,Comunità alloggio casa famiglia Taipana,pubblica comunale,Comune di Taipana ,taipana,46,33040,Taipana ,13.3383825,46.2469183,,UD,+39 0432 788054,+39 0432 788054,,non convenzionata,Comunità alloggio,"Comunità alloggio, pubblica comunale, non convenzionata con SSR; ASS4 - Medio Friuli, distretto 4.2 Tarcento",group_home,,24,24,,
ASS4 - Medio Friuli,4.5 Udine,108,Congregazione Ancelle della carità,ente religioso,,Via Francesco Crispi,35,33100,Udine,13.2353319,46.0590362,house,UD,+39 0432 501386,+39 0432 501386,s.spiritoudine@gmail.com,non convenzionata,Residenza ad utenza diversificata,"Residenza ad utenza diversificata, ente religioso, non convenzionata con SSR; ASS4 - Medio Friuli, distretto 4.5 Udine",nursing_home,senior;disabled,51,11,40,
ASS2 - Isontina,2.1 Alto Isontino,109,Congregazione Suore di Maria M. M. Domus Mariae SS. Reginae,ente religioso,,Corso Italia,120,34170,Gorizia,13.6143583,45.9396803,house,GO,+39 0481 533888,+39 0481 539758,suoredimaria@libero.it,non convenzionata,Casa albergo,"Casa albergo, ente religioso, non convenzionata con SSR; ASS2 - Isontina, distretto 2.1 Alto Isontino",assisted_living,senior,14,14,,
ASS6 - Friuli occidentale,6.4 Nord,110,Fondazione Casa per anziani Valeriano,privata sociale,,VIA SOTTOPLOVIA,21,33094,Pinzano al Tagliamento ,12.9227618,46.1696237,house,PN,+39 0432 950643,+39 0432 950643,info@studiogiacomello.com,non convenzionata,Casa albergo,"Casa albergo, privata sociale, non convenzionata con SSR; ASS6 - Friuli occidentale, distretto 6.4 Nord",assisted_living,senior,15,15,,
ASS6 - Friuli occidentale,6.3 Sud,111,Fondazione Micoli Toscano,privata sociale,,Via vincenzo Favetti,7,33080,Zoppola ,12.801910491303,45.97489595,social_facility,PN,+39 0434 97187,+39 0434 97243,fondazione@micolitoscano.it,convenzionata,Residenza protetta,"Residenza protetta, privata sociale, convenzionata con SSR; ASS6 - Friuli occidentale, distretto 6.3 Sud",nursing_home,disabled,108,,108,
ASS6 - Friuli occidentale,6.2 Est,112,Fondazione Opera Colledani-Bulian,privata sociale,,Borgo Sant'Antonio,9,33098,Valvasone ,12.8683366,45.9949834,house,PN,+39 0434 899390,+39 0434 847600,colledani-bulian@libero.it,non convenzionata,Casa albergo,"Casa albergo, privata sociale, non convenzionata con SSR; ASS6 - Friuli occidentale, distretto 6.2 Est",assisted_living,senior,25,25,,
ASS2 - Isontina,2.1 Alto Isontino,113,Istituto Sacra Famiglia,privata sociale,,Via Don Bosco,66,34170,Gorizia,13.6173753,45.9538807,house,GO,+39 0481 530341,+39 0481 545928,solskego@tiscali.it,non convenzionata,Casa albergo,"Casa albergo, privata sociale, non convenzionata con SSR; ASS2 - Isontina, distretto 2.1 Alto Isontino",assisted_living,senior,24,24,,
ASS1 - Triestina,1.2 Sud,114,Residenza polifunzionale Cellini,privata di mercato,,Via Benvenuto Cellini,3,34132,Trieste,13.7732709,45.6563049,house,TS,+39 040 365084,+39 040 365084,,non convenzionata,Residenza polifunzionale,"Residenza polifunzionale, privata di mercato, non convenzionata con SSR; ASS1 - Triestina, distretto 1.2 Sud",nursing_home,senior,23,,,23
ASS3 - Alto Friuli,3.2 Carnia,115,Residence Stati Uniti d'America Centro anziani,pubblica comunale,Comune di Villa Santina ,Via Stati Uniti d'America,10,33029,Villa Santina ,12.9292022,46.4132426,house,UD,+39 0433 74364,+39 0433 74364,,convenzionata,Casa albergo,"Casa albergo, pubblica comunale, convenzionata con SSR; ASS3 - Alto Friuli, distretto 3.2 Carnia",assisted_living,senior,96,96,,
ASS4 - Medio Friuli,4.5 Udine,116,Residenza Aurora,privata di mercato,,Via della statua,1a,33050,Terenzano ,13.2154957,46.0047689,house,UD,+39 0432 560697,+39 0432 560697,francescairis@virgilio.it,non convenzionata,Residenza polifunzionale,"Residenza polifunzionale, privata di mercato, non convenzionata con SSR; ASS4 - Medio Friuli, distretto 4.5 Udine",nursing_home,senior,10,,,10
ASS1 - Triestina,1.2 Sud,117,Residenza Carducci,privata di mercato,,VIA CARDUCCI,24,34125,Trieste,13.7673248,45.6470874,school,TS,+39 040 763078 - 040 631829,+39 1782714401,carducci@residenzeagape.it,convenzionata,Residenza polifunzionale con modulo fascia A,"Residenza polifunzionale con modulo fascia A, privata di mercato, convenzionata con SSR; ASS1 - Triestina, distretto 1.2 Sud",nursing_home,,40,,,40
ASS1 - Triestina,1.4 Nord,118,Residenza E. Gregoretti,pubblica comunale,Comune di Trieste,Via paolo de Ralli,1,34128,Trieste,13.7995734,45.6578496,house,TS,+39 040 3593711,+39 040 3593709,casa_riposo_gregoretti@comune.trieste.it,convenzionata,Residenza protetta,"Residenza protetta, pubblica comunale, convenzionata con SSR; ASS1 - Triestina, distretto 1.4 Nord",nursing_home,disabled,91,,91,
ASS4 - Medio Friuli,4.5 Udine,119,Residenza I Faggi,pubblica ASP,Residenza I Faggi,VIA giovanni MICESIO,31,33100,Udine,13.2282435,46.0684307,social_facility,UD,+39 0432 514111,+39 0432 287233,segreteria@laquieteudine.it,non convenzionata,Casa albergo,"Casa albergo, pubblica ASP, non convenzionata con SSR; ASS4 - Medio Friuli, distretto 4.5 Udine",assisted_living,senior,124,124,,
ASS1 - Triestina,1.1 Ovest,120,Residenza Le Magnolie,privata di mercato,,Via di Cologna,29/1,34127,Trieste ,13.7897493,45.6557739,house,TS,+39 040 55307,+39 040 2464893,info@residenzalemagnolie.com,non convenzionata,Residenza polifunzionale,"Residenza polifunzionale, privata di mercato, non convenzionata con SSR; ASS1 - Triestina, distretto 1.1 Ovest",nursing_home,senior,25,,,25
ASS1 - Triestina,1.2 Sud,121,Residenza Le Rose,privata di mercato,,Via Roma,13,34123,Trieste,13.7727337,45.6529522,hotel,TS,+39 040 363360,+39 040 363360,susylerose@yahoo.it,non convenzionata,Residenza polifunzionale,"Residenza polifunzionale, privata di mercato, non convenzionata con SSR; ASS1 - Triestina, distretto 1.2 Sud",nursing_home,senior,25,,,25
ASS4 - Medio Friuli,4.5 Udine,122,Residenza S. Anna,privata sociale,,Via Achille Tellini,1,33100,Udine,13.2585447,46.0265803,house,UD,+39 0432 600649,+39 0432 624001,s.annasegreteria@societadolce.it,convenzionata,Residenza protetta,"Residenza protetta, privata sociale, convenzionata con SSR; ASS4 - Medio Friuli, distretto 4.5 Udine",nursing_home,disabled,95,,95,
ASS1 - Triestina,1.2 Sud,123,Residenza Santa Chiara,privata di mercato,,Via Udine,13,34132,Trieste ,13.774488,45.6576085,house,TS,+39 040 413035,+39 040 4526507,santachiarats@gmail.com,non convenzionata,Residenza polifunzionale,"Residenza polifunzionale, privata di mercato, non convenzionata con SSR; ASS1 - Triestina, distretto 1.2 Sud",nursing_home,senior,20,,,20
ASS3 - Alto Friuli,3.2 Carnia,124,Residenza per anziani Monsignor Nigris,privata sociale,,Via della Maina,27,33021,Ampezzo ,12.8011084,46.4142574,house,UD,+39 0433 80970,+39 0433 811835,cdrnigris@universiis.it,convenzionata,Residenza protetta,"Residenza protetta, privata sociale, convenzionata con SSR; ASS3 - Alto Friuli, distretto 3.2 Carnia",nursing_home,disabled,37,,37,
ASS2 - Isontina,2.2 Basso Isontino,125,Residenza per anziani ad utenza diversificata,pubblica comunale,Comune di Monfalcone ,Via della Crociera,14,34074,Monfalcone ,13.5230973,45.8015469,pharmacy,GO,+39 0481 494811,+39 0481 494814,casaalbergo@comune.monfalcone.go.it,convenzionata,Residenza ad utenza diversificata,"Residenza ad utenza diversificata, pubblica comunale, convenzionata con SSR; ASS2 - Isontina, distretto 2.2 Basso Isontino",nursing_home,senior;disabled,62,,62,
ASS4 - Medio Friuli,4.5 Udine,126,Residenza per anziani Zaffiro Martignacco,privata di mercato,,VIA DELLA VECCHIA FILATURA,26/1,33035,Martignacco ,13.1842782,46.0926479,house,UD,+39 0432 407311,+39 0432 410284,f.minisini@gruppozaffiro.it,convenzionata,Residenza ad utenza diversificata,"Residenza ad utenza diversificata, privata di mercato, convenzionata con SSR; ASS4 - Medio Friuli, distretto 4.5 Udine",nursing_home,senior;disabled,120,0,120,
ASS4 - Medio Friuli,4.1 S.Daniele,127,Residenza per persone non autosufficienti di S. Daniele del Friuli,azienda per i servizi sanitari,ASS4 - Medio Friuli,via Dalmazia,33,33038,San Daniele del Friuli ,13.0073433,46.1514719,house,UD,+39 0432 969011,+39 0432 969020,segreteriacdr.sdaniele@mediofriuli.it,convenzionata,Residenza protetta,"Residenza protetta, azienda per i servizi sanitari, convenzionata con SSR; ASS4 - Medio Friuli, distretto 4.1 S.Daniele",nursing_home,disabled,146,,146,
ASS1 - Triestina,1.2 Sud,128,Residenza polifunzionale Albertina,privata di mercato,,Via del Coroneo,3,34133,Trieste,13.7775537,45.6531736,house,TS,+39 040 365900,+39 040 365900,,non convenzionata,Residenza polifunzionale,"Residenza polifunzionale, privata di mercato, non convenzionata con SSR; ASS1 - Triestina, distretto 1.2 Sud",nursing_home,senior,25,,,25
ASS1 - Triestina,1.2 Sud,129,Residenza polifunzionale Alida,privata di mercato,,Via S.Nicolò,8,34121,Trieste,13.7706876,45.6510838,house,TS,+39 040 633054,+39 040 633054,massimiliano.liessi@gmail.com,non convenzionata,Residenza polifunzionale,"Residenza polifunzionale, privata di mercato, non convenzionata con SSR; ASS1 - Triestina, distretto 1.2 Sud",nursing_home,senior,24,,,24
ASS1 - Triestina,1.2 Sud,130,Residenza polifunzionale Anni Sereni,privata di mercato,,Via Giuseppe Lorenzo Gatteri,6,34125,Trieste,13.7822337,45.6525371,house,TS,+39 040 633452,+39 040 633452,residenzadanubio@hotmail.it,non convenzionata,Residenza polifunzionale,"Residenza polifunzionale, privata di mercato, non convenzionata con SSR; ASS1 - Triestina, distretto 1.2 Sud",nursing_home,senior,17,,,17
ASS1 - Triestina,1.1 Ovest,131,Residenza polifunzionale Antonella,privata di mercato,,Via di Prosecco,9,34151,Trieste ,13.7886165,45.6889019,nursing_home,TS,+39 040 211188,+39 040 211188,residenza.antonella@gmail.com,non convenzionata,Residenza polifunzionale,"Residenza polifunzionale, privata di mercato, non convenzionata con SSR; ASS1 - Triestina, distretto 1.1 Ovest",nursing_home,senior,20,,,20
ASS1 - Triestina,1.2 Sud,132,Residenza polifunzionale Arianna,privata di mercato,,Viale Venti Settembre,16,34125,Trieste ,13.7795662,45.6518706,house,TS,+39 040 660216,+39 040 660216,antonello.finelli@libero.it,non convenzionata,Residenza polifunzionale,"Residenza polifunzionale, privata di mercato, non convenzionata con SSR; ASS1 - Triestina, distretto 1.2 Sud",nursing_home,senior,23,,,23
ASS1 - Triestina,1.4 Nord,133,Residenza polifunzionale Carlo Goldoni,privata di mercato,,Via Giosuè Carducci,31,34100,Trieste,13.7776709,45.6498786,house,TS,+39 040 660319,+39 040 660319,residenzadanubio@hotmail.it,non convenzionata,Residenza polifunzionale,"Residenza polifunzionale, privata di mercato, non convenzionata con SSR; ASS1 - Triestina, distretto 1.4 Nord",nursing_home,senior,13,,,13
ASS1 - Triestina,1.2 Sud,134,Residenza polifunzionale Casa Favretto,privata di mercato,,Via Giuseppe Lorenzo Gatteri,6,34125,Trieste,13.7822337,45.6525371,house,TS,+39 040 635338,,triesteamministrazione@societadolce.it,non convenzionata,Residenza polifunzionale,"Residenza polifunzionale, privata di mercato, non convenzionata con SSR; ASS1 - Triestina, distretto 1.2 Sud",nursing_home,senior,18,,,18
ASS1 - Triestina,1.2 Sud,135,Residenza polifunzionale Casa Maria 2,privata di mercato,,Via Niccolò Machiavelli,13,34132,Trieste,13.7727586,45.6525883,house,TS,+39 040 3478323,+39 040 0641930,residenzadanubio@hotmail.it,non convenzionata,Residenza polifunzionale,"Residenza polifunzionale, privata di mercato, non convenzionata con SSR; ASS1 - Triestina, distretto 1.2 Sud",nursing_home,senior,17,,,17
ASS1 - Triestina,1.2 Sud,136,Residenza polifunzionale Casa Rosanna,privata di mercato,,Via Gaspare Gozzi,4,34134,Trieste,13.7736633,45.6586107,house,TS,+39 040 420124,+39 040 420124,triesteamministrazione@societadolce.it,non convenzionata,Residenza polifunzionale,"Residenza polifunzionale, privata di mercato, non convenzionata con SSR; ASS1 - Triestina, distretto 1.2 Sud",nursing_home,senior,47,,,47
ASS1 - Triestina,1.2 Sud,137,Residenza polifunzionale Cinque Stelle,privata di mercato,,Via di Torre Bianca,8,34132,Trieste,13.7719203,45.6534619,house,TS,+39 040 3478042,+39 040 3478042,cinquestelletrieste@gmail.com,non convenzionata,Residenza polifunzionale,"Residenza polifunzionale, privata di mercato, non convenzionata con SSR; ASS1 - Triestina, distretto 1.2 Sud",nursing_home,senior,20,,,20
ASS1 - Triestina,1.2 Sud,138,Residenza polifunzionale Dalila,privata di mercato,,Via Niccolò Machiavelli,28,34132,Trieste,13.7741472,45.6523624,house,TS,+39 040 662584,+39 040 662584,g.pesarino@virgilio.it,non convenzionata,Residenza polifunzionale,"Residenza polifunzionale, privata di mercato, non convenzionata con SSR; ASS1 - Triestina, distretto 1.2 Sud",nursing_home,senior,12,,,12
ASS1 - Triestina,1.2 Sud,139,Residenza polifunzionale Danubio,privata di mercato,,Via San Francesco d'Assisi,16,34133,Trieste,13.7786473,45.6529377,house,TS,+39 040 661385,+39 040 661385,residenzadanubio@hotmail.it,non convenzionata,Residenza polifunzionale,"Residenza polifunzionale, privata di mercato, non convenzionata con SSR; ASS1 - Triestina, distretto 1.2 Sud",nursing_home,senior,9,,,9
ASS1 - Triestina,1.2 Sud,140,Residenza polifunzionale Diamante,privata di mercato,,Via Trenta Ottobre,15,34122,Trieste,13.7753511,45.6532255,house,TS,+39 040 638851,+39 040 638851,wally-s@email.it,non convenzionata,Residenza polifunzionale,"Residenza polifunzionale, privata di mercato, non convenzionata con SSR; ASS1 - Triestina, distretto 1.2 Sud",nursing_home,senior,16,,,16
ASS1 - Triestina,1.4 Nord,141,Residenza polifunzionale Eden,privata di mercato,,Largo della Barriera vecchia,11,34129,Trieste,13.7789577,45.6476237,house,TS,+39 040 369123,+39 040 369123,info@residenzaeden.it,non convenzionata,Residenza polifunzionale,"Residenza polifunzionale, privata di mercato, non convenzionata con SSR; ASS1 - Triestina, distretto 1.4 Nord",nursing_home,senior,30,,,30
ASS1 - Triestina,1.2 Sud,142,Residenza polifunzionale Elite,privata di mercato,,Via cesare Battisti,17,34125,Trieste,13.7801439,45.6524111,house,TS,+39 040 3481488,+39 040 3481488,casadiriposoelite@libero.it,non convenzionata,Residenza polifunzionale,"Residenza polifunzionale, privata di mercato, non convenzionata con SSR; ASS1 - Triestina, distretto 1.2 Sud",nursing_home,senior,18,,,18
ASS1 - Triestina,1.2 Sud,143,Residenza polifunzionale Fiore di Sabrina Cossutta & C.,privata di mercato,,Via Niccolò Machiavelli,22,34132,Trieste ,13.7732159,45.6526287,house,TS,+39 040 661577,+39 040 661577,sabrina.cossutta@gmail.com,non convenzionata,Residenza polifunzionale,"Residenza polifunzionale, privata di mercato, non convenzionata con SSR; ASS1 - Triestina, distretto 1.2 Sud",nursing_home,senior,14,,,14
ASS1 - Triestina,1.4 Nord,144,Residenza polifunzionale Flora 2,privata di mercato,,Via Giosuè Carducci,32,34100,Trieste ,13.7781693,45.6496572,house,TS,+39 040 7600444,+39 040 7600444,res.flora@libero.it,non convenzionata,Residenza polifunzionale,"Residenza polifunzionale, privata di mercato, non convenzionata con SSR; ASS1 - Triestina, distretto 1.4 Nord",nursing_home,senior,21,,,21
ASS1 - Triestina,1.2 Sud,145,Residenza polifunzionale Futura,privata di mercato,,Via del Coroneo,3,34133,Trieste,13.7775537,45.6531736,house,TS,+39 040 660996,,linea.dieci@libero.it,non convenzionata,Residenza polifunzionale,"Residenza polifunzionale, privata di mercato, non convenzionata con SSR; ASS1 - Triestina, distretto 1.2 Sud",nursing_home,senior,25,,,25
ASS1 - Triestina,1.2 Sud,146,Residenza polifunzionale Il nido,privata di mercato,,Via Valdirivo,22,34132,Trieste ,13.7734271,45.653481,hotel,TS,+39 040 638879,+39 040 639566,maura.cettina@libero.it,non convenzionata,Residenza polifunzionale,"Residenza polifunzionale, privata di mercato, non convenzionata con SSR; ASS1 - Triestina, distretto 1.2 Sud",nursing_home,senior,20,,,20
ASS1 - Triestina,1.4 Nord,147,Residenza polifunzionale La Dolce Vita,privata di mercato,,Via delle Zudecche,1,34131,Trieste ,13.7773065,45.6489515,house,TS,+39 040 636960,+39 040 636960,ladolcevita.trieste@gmail.com,non convenzionata,Residenza polifunzionale,"Residenza polifunzionale, privata di mercato, non convenzionata con SSR; ASS1 - Triestina, distretto 1.4 Nord",nursing_home,senior,18,,,18
ASS6 - Friuli occidentale,6.4 Nord,148,Residenza polifunzionale La Panoramica,privata di mercato,,Via Tagliamento,10,33094,Pinzano al Tagliamento ,12.9442567,46.1806356,house,PN,+39 0432 950854,+39 0432 873463,info@lapanoramica.org,convenzionata,Residenza polifunzionale con modulo fascia A,"Residenza polifunzionale con modulo fascia A, privata di mercato, convenzionata con SSR; ASS6 - Friuli occidentale, distretto 6.4 Nord",nursing_home,,25,,,25
ASS1 - Triestina,1.2 Sud,149,Residenza Polifunzionale Moschion  (1° piano),privata di mercato,,Via cesare Battisti,22,34125,Trieste,13.7813452,45.6532944,library,TS,+39 040 631144,+39 040 368423,residenzamoschion@libero.it,non convenzionata,Residenza polifunzionale,"Residenza polifunzionale, privata di mercato, non convenzionata con SSR; ASS1 - Triestina, distretto 1.2 Sud",nursing_home,senior,18,,,18
ASS1 - Triestina,1.2 Sud,150,Residenza polifunzionale Moschion (2° piano),privata di mercato,,Via cesare Battisti,22,34125,Trieste,13.7813452,45.6532944,library,TS,+39 040 631144,+39 040 368423,residenzamoschion@libero.it,non convenzionata,Residenza polifunzionale,"Residenza polifunzionale, privata di mercato, non convenzionata con SSR; ASS1 - Triestina, distretto 1.2 Sud",nursing_home,senior,20,,,20
ASS1 - Triestina,1.2 Sud,151,Residenza polifunzionale Nonna Adriana,privata di mercato,,Via di Torre Bianca,8,34132,Trieste,13.7719203,45.6534619,house,TS,+39 040 362961,,emanuela.cigui@gmail.com,non convenzionata,Residenza polifunzionale,"Residenza polifunzionale, privata di mercato, non convenzionata con SSR; ASS1 - Triestina, distretto 1.2 Sud",nursing_home,senior,25,,,25
ASS1 - Triestina,1.2 Sud,152,Residenza polifunzionale Oasis,privata di mercato,,Via Niccolò Machiavelli,15,34132,Trieste,13.7732031,45.6524642,house,TS,+39 040 367063,+39 040 367063,residenzadanubio@hotmail.it,non convenzionata,Residenza polifunzionale,"Residenza polifunzionale, privata di mercato, non convenzionata con SSR; ASS1 - Triestina, distretto 1.2 Sud",nursing_home,senior,17,,,17
ASS1 - Triestina,1.2 Sud,153,Residenza polifunzionale Primavera,privata di mercato,,Via Valdirivo,21,34132,Trieste ,13.7743629,45.6530767,house,TS,+39 040 7606118,+39 040 7606118,residenza.primavera@libero.it,non convenzionata,Residenza polifunzionale,"Residenza polifunzionale, privata di mercato, non convenzionata con SSR; ASS1 - Triestina, distretto 1.2 Sud",nursing_home,senior,12,,,12
ASS1 - Triestina,1.2 Sud,154,Residenza polifunzionale Raggio di Sole,privata di mercato,,Via Cesare Battisti,22,34125,Trieste ,13.7813452,45.6532944,library,TS,+39 040 661758,+39 040 372298,info@residenzaraggiodisolets.it,non convenzionata,Residenza polifunzionale,"Residenza polifunzionale, privata di mercato, non convenzionata con SSR; ASS1 - Triestina, distretto 1.2 Sud",nursing_home,senior,52,,,52
ASS1 - Triestina,1.4 Nord,155,Residenza polifunzionale Relax,privata di mercato,,Via San Maurizio,13,34129,Trieste,13.7799578,45.6491921,house,TS,+39 040 365070,+39 040 365070,residenzerelax@vodafone.it,non convenzionata,Residenza polifunzionale,"Residenza polifunzionale, privata di mercato, non convenzionata con SSR; ASS1 - Triestina, distretto 1.4 Nord",nursing_home,senior,25,,,25
ASS1 - Triestina,1.2 Sud,156,Residenza polifunzionale Relax,privata di mercato,,Via del Lavatoio,5,34132,Trieste,13.7752696,45.6537922,house,TS,+39 040 363135,,residenzarelax@vodafone.it,non convenzionata,Residenza polifunzionale,"Residenza polifunzionale, privata di mercato, non convenzionata con SSR; ASS1 - Triestina, distretto 1.2 Sud",nursing_home,senior,20,,,20
ASS1 - Triestina,1.2 Sud,157,Residenza polifunzionale Renè,privata di mercato,,Via Santa Caterina,5,34122,Trieste,13.7744428,45.6501794,house,TS,+39 040 637204,+39 040 637204,andreja.vagaja@telemach.net,non convenzionata,Residenza polifunzionale,"Residenza polifunzionale, privata di mercato, non convenzionata con SSR; ASS1 - Triestina, distretto 1.2 Sud",nursing_home,senior,11,,,11
ASS1 - Triestina,1.2 Sud,158,Residenza polifunzionale Rosy,privata di mercato,,Via San Lazzaro,23,34122,Trieste ,13.7763756,45.6522454,house,TS,+39 040 632792,,,non convenzionata,Residenza polifunzionale,"Residenza polifunzionale, privata di mercato, non convenzionata con SSR; ASS1 - Triestina, distretto 1.2 Sud",nursing_home,senior,11,,,11
ASS1 - Triestina,1.2 Sud,159,Residenza polifunzionale S. Giusto,privata di mercato,,Via Milano,18,34132,Trieste ,13.7750108,45.653552,curtain,TS,+39 040 638949,,,non convenzionata,Residenza polifunzionale,"Residenza polifunzionale, privata di mercato, non convenzionata con SSR; ASS1 - Triestina, distretto 1.2 Sud",nursing_home,senior,11,,,11
ASS1 - Triestina,1.2 Sud,160,Residenza polifunzionale Senilità,privata di mercato,,Via del Coroneo,3,34133,Trieste,13.7775537,45.6531736,house,TS,+39 040 366766,,linea.dieci@libero.it,non convenzionata,Residenza polifunzionale,"Residenza polifunzionale, privata di mercato, non convenzionata con SSR; ASS1 - Triestina, distretto 1.2 Sud",nursing_home,senior,25,,,25
ASS1 - Triestina,1.3 Est,161,Residenza polifunzionale Tiziana,privata di mercato,,Log,158,34018,San Dorligo della Valle,13.8377833,45.6219896,house,TS,+39 040 280986,+39 040 280986,residenzadanubio@hotmail.it,non convenzionata,Residenza polifunzionale,"Residenza polifunzionale, privata di mercato, non convenzionata con SSR; ASS1 - Triestina, distretto 1.3 Est",nursing_home,senior,20,,,20
ASS1 - Triestina,1.2 Sud,162,Residenza polifunzionale Valdirivo,privata di mercato,,Via Valdirivo,22,34132,Trieste,13.7734271,45.653481,hotel,TS,+39 040 3728722,+39 040 37208722,info@residenzaeden.it,non convenzionata,Residenza polifunzionale,"Residenza polifunzionale, privata di mercato, non convenzionata con SSR; ASS1 - Triestina, distretto 1.2 Sud",nursing_home,senior,20,,,20
ASS1 - Triestina,1.2 Sud,163,Residenza polifunzionale Valy,privata di mercato,,Via San Francesco d'Assisi,40,34133,Trieste,13.7811427,45.6541869,house,TS,+39 040 635414,+39 040 635414,residenzadanubio@hotmail.it,non convenzionata,Residenza polifunzionale,"Residenza polifunzionale, privata di mercato, non convenzionata con SSR; ASS1 - Triestina, distretto 1.2 Sud",nursing_home,senior,16,,,16
ASS1 - Triestina,1.2 Sud,164,Residenza polifunzionale Zovenzoni,privata di mercato,,Via Raffaele Zovenzoni,6,34125,Trieste,13.7843191,45.6530977,house,TS,+39 040 634546,+39 040 634545,residenzadanubio@hotmail.it,non convenzionata,Residenza polifunzionale,"Residenza polifunzionale, privata di mercato, non convenzionata con SSR; ASS1 - Triestina, distretto 1.2 Sud",nursing_home,senior,22,,,22
ASS4 - Medio Friuli,4.2 Tarcento,165,Residenza polifunzionale di Campeglio,privata sociale,,Via Soffumbergo,19,33040,Faedis ,13.356347,46.1312139,house,UD,+39 0432 711191,+39 0432 711956,campeglio@universiis.it,non convenzionata,Residenza polifunzionale,"Residenza polifunzionale, privata sociale, non convenzionata con SSR; ASS4 - Medio Friuli, distretto 4.2 Tarcento",nursing_home,senior,24,,,24
ASS1 - Triestina,1.2 Sud,166,Residenza polifunzionale per anziani Arcobaleno,privata di mercato,,Via Benvenuto Cellini,3,34132,Trieste,13.7732709,45.6563049,house,TS,+39 040 362013,+39 040 362013,residenza.arcobaleno@virgilio.it,non convenzionata,Residenza polifunzionale,"Residenza polifunzionale, privata di mercato, non convenzionata con SSR; ASS1 - Triestina, distretto 1.2 Sud",nursing_home,senior,34,,,34
ASS1 - Triestina,1.2 Sud,167,Residenza polifunzionale per anziani Flora,privata di mercato,,Via di Torre Bianca,25,34132,Trieste ,13.773935,45.65272,house,TS,+39 040 361385,+39 040 361385,res.flora@libero.it,non convenzionata,Residenza polifunzionale,"Residenza polifunzionale, privata di mercato, non convenzionata con SSR; ASS1 - Triestina, distretto 1.2 Sud",nursing_home,senior,12,,,12
ASS1 - Triestina,1.2 Sud,168,Residenza polifunzionale per anziani Le Ginestre,privata di mercato,,Via Benvenuto Cellini,3,34132,Trieste,13.7732709,45.6563049,house,TS,+39 040 773614,+39 040 773614,miramare.ts@virgilio.it,non convenzionata,Residenza polifunzionale,"Residenza polifunzionale, privata di mercato, non convenzionata con SSR; ASS1 - Triestina, distretto 1.2 Sud",nursing_home,senior,17,,,17
ASS1 - Triestina,1.2 Sud,169,Residenza polifunzionale per anziani Miramare,privata di mercato,,Via Benvenuto Cellini,3,34132,Trieste,13.7732709,45.6563049,house,TS,+39 040 3726410,+39 040 3721896,miramare.ts@virgilio.it,non convenzionata,Residenza polifunzionale,"Residenza polifunzionale, privata di mercato, non convenzionata con SSR; ASS1 - Triestina, distretto 1.2 Sud",nursing_home,senior,32,,,32
ASS4 - Medio Friuli,4.5 Udine,170,Residenza protetta Caris,privata sociale,,Via Montello,55,33100,Udine,13.2365429,46.0822959,house,UD,+39 0432 484736,+39 0432 487616,carisa@societadolce.it,convenzionata,Residenza protetta,"Residenza protetta, privata sociale, convenzionata con SSR; ASS4 - Medio Friuli, distretto 4.5 Udine",nursing_home,disabled,60,,60,
ASS2 - Isontina,2.2 Basso Isontino,171,Residenza protetta D. Corradini,pubblica tra comuni associati,Comune di Ronchi dei Legionari ,Via gabriele D'Annunzio,14,34077,Ronchi dei Legionari ,13.5029868,45.8270316,house,GO,+39 0481 474577,+39 0481 475109,info@casanzianironchi.191.it,convenzionata,Residenza protetta,"Residenza protetta, pubblica tra comuni associati, convenzionata con SSR; ASS2 - Isontina, distretto 2.2 Basso Isontino",nursing_home,disabled,66,,66,
ASS2 - Isontina,2.1 Alto Isontino,172,Residenza protetta Cormons,azienda per i servizi sanitari,ASS2 - Isontina,Via Venezia Giulia,74,34071,Cormons ,13.4620777,45.9601496,house,GO,+39 0481 629201,+39 0481 629220,distai@ass2.sanita.fvg.it,convenzionata,Residenza protetta,"Residenza protetta, azienda per i servizi sanitari, convenzionata con SSR; ASS2 - Isontina, distretto 2.1 Alto Isontino",nursing_home,disabled,34,,34,
ASS4 - Medio Friuli,4.2 Tarcento,173,Residenza Zaffiro Colle Verzan,privata di mercato,,VIA SOTTOCOLLE VERZAN,30,33017,Tarcento ,13.222164,46.213884,house,UD,+39 0432 781800,+39 0432 755148,f.minisini@gruppozaffiro.it,convenzionata,Residenza ad utenza diversificata,"Residenza ad utenza diversificata, privata di mercato, convenzionata con SSR; ASS4 - Medio Friuli, distretto 4.2 Tarcento",nursing_home,senior;disabled,158,38,120,
ASS4 - Medio Friuli,4.5 Udine,174,Sereni Orizzonti Giacinto Blasoni di Risano,privata di mercato,,via Roggia,4,33050,Pavia di Udine ,13.2544203,45.9734825,house,UD,+39 0432 564709,+39 0432 564709,risano@sereniorizzonti.it,convenzionata,Residenza polifunzionale con modulo fascia A,"Residenza polifunzionale con modulo fascia A, privata di mercato, convenzionata con SSR; ASS4 - Medio Friuli, distretto 4.5 Udine",nursing_home,,33,,,33
ASS4 - Medio Friuli,4.5 Udine,175,Sereni Orizzonti Santa Chiara,privata di mercato,,Viale Europa Unita,163,33100,Udine,13.2380929,46.0556863,house,UD,+39 0432 229223,+39 0432 298581,udine.santachiara@sereniorizzonti.it,convenzionata,Residenza polifunzionale con modulo fascia A,"Residenza polifunzionale con modulo fascia A, privata di mercato, convenzionata con SSR; ASS4 - Medio Friuli, distretto 4.5 Udine",nursing_home,,25,,,25
ASS5 - Bassa Friulana,5.1 Est,176,Sereni Orizzonti Aiello,privata di mercato,,Via Gioachino Rossini,19b,33041,Aiello del Friuli ,13.366783,45.872154,house,UD,+39 0431 99019,+39 0431 99332,aiello@sereniorizzonti.it,convenzionata,Residenza protetta,"Residenza protetta, privata di mercato, convenzionata con SSR; ASS5 - Bassa Friulana, distretto 5.1 Est",nursing_home,disabled,118,,118,
ASS3 - Alto Friuli,3.1 Gemonese,177,Sereni Orizzonti Gemona,privata di mercato,,via Santa Lucia,53,33013,Gemona del Friuli ,13.1298788,46.2725858,house,UD,+39 0432 971520,+39 0432 970263,gemona@sereniorizzonti.it,convenzionata,Residenza polifunzionale con modulo fascia A,"Residenza polifunzionale con modulo fascia A, privata di mercato, convenzionata con SSR; ASS3 - Alto Friuli, distretto 3.1 Gemonese",nursing_home,,60,,,60
ASS4 - Medio Friuli,4.5 Udine,178,Sereni Orizzonti P.le Cella,privata di mercato,,piazzale gio batta Cella,62,33100,Udine,13.2294351,46.0543842,house,UD,+39 0432 532304,+39 0432 532304,udine.cella@sereniorizzonti.it,convenzionata,Residenza polifunzionale con modulo fascia A,"Residenza polifunzionale con modulo fascia A, privata di mercato, convenzionata con SSR; ASS4 - Medio Friuli, distretto 4.5 Udine",nursing_home,,46,,,46
ASS4 - Medio Friuli,4.5 Udine,179,Sereni Orizzonti Percoto,privata di mercato,,via Aquileia,94,33050,Percoto - Pavia di Udine ,13.3269754,45.975041,house,UD,+39 0432 676898,+39 0432 676898,percoto@sereniorizzonti.it,convenzionata,Residenza polifunzionale con modulo fascia A,"Residenza polifunzionale con modulo fascia A, privata di mercato, convenzionata con SSR; ASS4 - Medio Friuli, distretto 4.5 Udine",nursing_home,,50,,,50
ASS2 - Isontina,2.2 Basso Isontino,180,Sereni Orizzonti Pieris,privata di mercato,,via Roma,46,33075,San Canzian D'Isonzo ,13.4439118,45.8113789,house,GO,+39 0481 767245,+39 0481 470072,pieris2@sereniorizzonti.it,convenzionata,Residenza polifunzionale con modulo fascia A,"Residenza polifunzionale con modulo fascia A, privata di mercato, convenzionata con SSR; ASS2 - Isontina, distretto 2.2 Basso Isontino",nursing_home,,60,,,60
ASS4 - Medio Friuli,4.3 Cividale,181,Sereni Orizzonti San Giovanni al Natisone,privata di mercato,,viale della Stazione,70,33048,San Giovanni al Natisone ,13.3974916,45.9753306,house,UD,+39 0432 757378,+39 0432 757359,sangiovanni@sereniorizzonti.it,convenzionata,Residenza polifunzionale con modulo fascia A,"Residenza polifunzionale con modulo fascia A, privata di mercato, convenzionata con SSR; ASS4 - Medio Friuli, distretto 4.3 Cividale",nursing_home,,80,,,80
ASS4 - Medio Friuli,4.5 Udine,182,Sereni Orizzonti Via Podgora,privata di mercato,,via Podgora,16,33100,Udine,13.2220023,46.0587361,house,UD,+39 0432 235612,+39 0432 532844,udine.podgora@sereniorizzonti.it,convenzionata,Residenza polifunzionale con modulo fascia A,"Residenza polifunzionale con modulo fascia A, privata di mercato, convenzionata con SSR; ASS4 - Medio Friuli, distretto 4.5 Udine",nursing_home,,60,,,60
ASS4 - Medio Friuli,4.5 Udine,183,Sereni Orizzonti Viale XXIII Marzo,privata di mercato,,Viale 23 marzo 1848,31,33100,Udine,13.2468817,46.0582013,house,UD,+39 0432 502104,+39 0432 502104,udine.23marzo@sereniorizzonti.it,convenzionata,Residenza polifunzionale con modulo fascia A,"Residenza polifunzionale con modulo fascia A, privata di mercato, convenzionata con SSR; ASS4 - Medio Friuli, distretto 4.5 Udine",nursing_home,,24,,,24
ASS6 - Friuli occidentale,6.1 Ovest,184,Servizio Sperimentale Pra de Plana Sereni Orizzonti,privata di mercato,,via Monte Cavallo,76,33081,Aviano,12.5498732,46.0732571,house,PN,+39 0434 652552,+39 0434 652427,aviano@sereniorizzonti.it,convenzionata,Abitare possibile,"Abitare possibile, privata di mercato, convenzionata con SSR; ASS6 - Friuli occidentale, distretto 6.1 Ovest",,,50,25,25,
ASS2 - Isontina,2.2 Basso Isontino,185,Struttura per anziani De Gressi,pubblica tra comuni associati,Comune di Fogliano - Redipuglia ,Via Virgilio Cosolo,19,34070,Fogliano - Redipuglia ,13.4831947,45.8671711,house,GO,+39 0481 489856,+39 0481 489856,info@casanzianironchi.191.it,convenzionata,Residenza ad utenza diversificata,"Residenza ad utenza diversificata, pubblica tra comuni associati, convenzionata con SSR; ASS2 - Isontina, distretto 2.2 Basso Isontino",nursing_home,senior;disabled,18,10,8,
ASS4 - Medio Friuli,4.2 Tarcento,186,Villa Nimis,privata sociale,,Via Roma,38,33045,Nimis ,13.2653198,46.1983881,house,UD,+39 0432 790113,+39 0432 797970,progesco@libero.it,convenzionata,Residenza polifunzionale con modulo fascia A,"Residenza polifunzionale con modulo fascia A, privata sociale, convenzionata con SSR; ASS4 - Medio Friuli, distretto 4.2 Tarcento",nursing_home,,60,,,60
ASS4 - Medio Friuli,4.2 Tarcento,187,Zaffiro Casa anziani Nelson Rockefeller,privata di mercato,,VIA CIVIDINA,56,33010,Magnano in Riviera ,13.1774094,46.2283415,house,UD,+39 0432 781222,+39 0432 782010,f.minisini@gruppozaffiro.it,convenzionata,Residenza ad utenza diversificata,"Residenza ad utenza diversificata, privata di mercato, convenzionata con SSR; ASS4 - Medio Friuli, distretto 4.2 Tarcento",nursing_home,senior;disabled,150,30,120,
